ID;Name_lang;Description_lang;Map;JournalInstanceID;DungeonEncounterID;OrderIndex;FirstSectionID;UiMapID;MapDisplayConditionID;Flags;DifficultyMask
89;Glubtok;In a fit of rage, Glubtok unleashed his potent magical abilities and reduced his ogre mound to ash. Upon hearing of his destructive talents, the Defias hired the massive ogre mage to supervise their laborers as head foreman of the Deadmines.;0.3652696907520294,0.6122754812240601;63;2976;1;2010;291;54460;2;1
90;Helix Gearbreaker;Formerly a craftsman in the Bilgewater Cartel, Helix was offered a sum eclipsing anything he would ever make as a nameless Horde engineer to ply his trade for the Defias Brotherhood. He was quick to accept the job and renounce his former loyalties... just as any resourceful goblin would.;0.5019960403442383,0.8682636022567749;63;2977;2;2020;291;54460;2;1
91;Foe Reaper 5000;Defias engineers have spent many long days perfecting a new harvester model based on the Foe Reaper 4000 unit. Once it is completed, the brotherhood believes this mechanized terror will be able to slice through Stormwind's armored soldiers like a scythe through wheat.;0.12475066632032394,0.7589820623397827;63;2975;3;3448;292;54460;2;1
92;Admiral Ripsnarl;When James Harrington became afflicted by the worgen curse, he destroyed his loving family and maritime career in one chilling night of bloodlust. Taking on the name Ripsnarl, he fled into Westfall and later agreed to command the Defias Brotherhood's fearsome juggernaut.;0.6047908663749695,0.38772451877593994;63;2974;4;2044;292;54460;2;1
93;"""Captain"" Cookie";Cookie proclaimed himself captain of the Defias Brotherhood's juggernaut following its previous commander's death. Although he still performs his official duties as chief cook, anyone who questions the validity of his captain title has been known to come down with a severe case of food poisoning.;0.6047908663749695,0.455089807510376;63;2973;5;2055;292;54460;2;1
95;Vanessa VanCleef;As a young girl, Vanessa witnessed the gruesome death of her father and former Defias Brotherhood leader, Edwin VanCleef. She has since taken up his mantle of leadership, plotting to exact vengeance on Stormwind from the dark corridors of the Defias's stronghold in the Deadmines.;0.6546912789344788,0.40269458293914795;63;1081;6;2060;292;54460;2;2
96;Baron Ashbury;Slain by worgen and raised into undeath by the Forsaken, the traitor Baron Ashbury toys with his foes, keeping them alive so he can inflict maximum pain and suffering.;0.6646713614463806,0.7320359945297241;64;1069;1;2107;310;0;0;-1
97;Baron Silverlaine;Baron Silverlaine was master of the keep before it fell to Arugal's worgen. Now his cursed spirit calls upon the very wolf-beasts that slaughtered him to punish further trespassers into his home.;0.3043915629386902,0.7739521265029907;64;1070;2;2118;311;0;0;-1
98;Commander Springvale;A loyal soldier, the ghost of Commander Springvale haunts the council room, using unholy strikes to avenge his lord, Baron Silverlaine.;0.28043949604034424,0.597305417060852;64;1071;3;2137;310;0;0;-1
99;Lord Walden;Godfrey's right-hand man, the arrogant Lord Walden vowed to pay any price, including death, to serve his compatriot. Now among the undead, Walden intends to keep his word, attacking adversaries with ice and venom.;0.5449103713035583,0.53742516040802;64;1073;4;2156;313;0;0;-1
100;Lord Godfrey;Drawing from his past as a Gilnean noble and Forsaken agent, the cunning and resourceful Lord Godfrey wields dual pistols and commands relentless flesh-eating ghouls.;0.6846315264701843,0.3353292942047119;64;1072;5;2164;315;0;0;-1
101;Lady Naz'jar;Lady Naz'jar played a pivotal role in retaking Vashj'ir from the brutal Kvaldir, earning her Queen Azshara's favor. Recently Naz'jar spearheaded an assault against Neptulon and succeeded in cornering the powerful elemental lord within his throne room.;0.5049900412559509,0.21556878089904785;65;1045;1;28310;323;0;0;-1
102;Commander Ulthok, the Festering Prince;Ulthok is an incredibly ancient being sent by his Old God masters to aid Lady Naz'jar with invading the Throne of Tides. Bristling with sinister powers, Ulthok commands legions of his fellow faceless ones in the deepest trenches surrounding Vashj'ir.;0.5049900412559509,0.42514967918395996;65;1044;2;28314;323;0;0;-1
103;Mindbender Ghur'sha;After his valiant efforts at the Abyssal Breach, Earthen Ring shaman Erunak Stonespeaker was abducted by naga forces and enslaved by Mindbender Ghur'sha. It is feared that this parasitic aberration has taken full control over Erunak's mind, body, and devastating shamanic abilities.;0.6746514439582825,0.19311368465423584;65;1046;3;28322;322;0;0;-1
104;Ozumat;Tales of the monstrous kraken that terrorize Azeroth's high seas were once relegated to myth... but no longer. By some ill means, the naga have bent Ozumat-the patriarch of all kraken-to their will and unleashed him against Neptulon and his followers.;0.3253495991230011,0.19311368465423584;65;1047;4;28318;322;0;0;-1
105;Rom'ogg Bonecrusher;"One of the rare ""missing link"" ogres on Outland, Rom'ogg Bonecrusher piqued the Twilight's Hammer Cult's interest with his merciless treatment of the ogres. He now lords over the Chamber of Incineration, sating his hunger for inflicting torment on others.";0.5,0.7020958662033081;66;1040;1;2356;283;0;0;-1
106;Corla, Herald of Twilight;Formerly an accomplished Kirin Tor mage, Corla now serves the Twilight's Hammer with unwavering devotion. She blesses fellow zealots by harnessing nether dragon essences to transform these believers into menacing twilight drakonid.;0.27045947313308716,0.16317355632781982;66;1038;2;2361;284;0;0;-1
107;Karsh Steelbender;The enormous drakonid Karsh Steelbender toils in the Twilight Forge, shaping weapons of war out of rare quicksilver. Although Karsh's works are nearly unbreakable under normal circumstances, at high temperatures they become as brittle as rusted iron.;0.47005993127822876,0.6646707057952881;66;1039;3;2371;284;0;0;-1
108;Beauty;Beauty's past is a tale as old as time, a song as old as rhyme. After Beauty's mate, Beast, was slain by heroes in Blackrock Spire, the hound and its four remaining pups joined forces with the Twilight's Hammer, intent on punishing the creatures who killed its mate.;0.6646713614463806,0.8443114757537842;66;1037;4;2378;284;0;0;-1
109;Ascendant Lord Obsidius;For his unyielding devotion and penchant for cruelty, the powerful shaman Dessirik the Depraved was gifted with ascension: a dark ritual that infused him with elemental powers, transforming him into a monstrosity known as Ascendant Lord Obsidius.;0.6896215677261353,0.507485032081604;66;1036;5;2385;284;0;0;-1
110;Corborus;Deathwing enslaved the massive gyreworm Corborus and drove it to unearth the vast amounts of elementium required to forge the Dragon Aspect's new plating. With Deathwing's departure, however, Corborus has broken loose and now rampages through the Stonecore in blind fury.;0.6297410726547241,0.597305417060852;67;1056;1;2394;324;0;0;-1
111;Slabhide;With his powers as the Aspect of Earth amplified by the Old Gods, Deathwing easily swayed Deepholm's stone wyrms into serving the Twilight's Hammer. One of the most ambitious of these creatures, Slabhide hopes to earn Deathwing's favor by exterminating any intruders brazen enough to enter the Stonecore.;0.37025970220565796,0.447604775428772;67;1059;2;2401;324;0;0;-1
112;Ozruk;Ozruk has served as Stonecore's guardian since Deepholm's creation. It is unknown why Ozruk has remained in the Stonecore, but it has become apparent that the guardian now believes that anyone opposed to Deathwing is a threat to Deepholm, and should therefore be destroyed.;0.5049900412559509,0.23053884506225586;67;1058;3;2405;324;0;0;-1
113;High Priestess Azil;High Priestess Azil is one of the few who has survived communing with the Twilight's Hammer cult's eldritch masters, although little remains of her sanity. She instills terror in lesser cultists so that they will sacrifice themselves without hesitation when their masters command it.;0.5748506188392639,0.38772451877593994;67;1057;4;2411;324;0;0;-1
114;Grand Vizier Ertan;Ertan defends the Vortex Pinnacle under the command of her master, Asaad, against any ground-dwellers who dare intrude on the realm. To fulfill her duties, the elemental noble has been granted mastery over the primal forces of lightning and wind.;0.5499004125595093,0.447604775428772;68;1043;1;2419;325;0;0;-1
115;Altairus;The immense storm wyrm Altairus maintains an unyielding vigil over the hovering platforms of the Vortex Pinnacle. The very energies of the storms pulse through this being, and he is said to command the wind currents that buffet the elemental fortress.;0.5199601650238037,0.8218563795089722;68;1041;2;2425;325;0;0;-1
116;Asaad, Caliph of Zephyrs;The fearsome elemental Asaad was named guardian of the Vortex Pinnacle by Al'Akir himself. With Siamat, Lord of the South Wind, imprisoned by the Neferset tol'vir, Asaad believes he may ascend to the Conclave of Wind if he performs his duties well.;0.3003995418548584,0.38023948669433594;68;1042;3;2431;325;0;0;-1
117;General Husam;The titans themselves appointed General Husam as one of Uldum's foremost guardians. After Siamat, Lord of the South Wind, cured the Neferset tol'vir's curse of flesh, Husam helmed a rebellion that culminated in the air elemental's imprisonment.;0.3752497136592865,0.42514967918395996;69;1052;1;2437;277;0;0;-1
118;Lockmaw;Amid the Neferset's chaotic insurrection against Siamat, the pygmy Augh pilfered whatever treasures he could from the ancient tol'vir city. Among his race, Augh is respected as much for his cunning as he is for his ferocious pet crocolisk, Lockmaw.;0.674651026725769,0.7245510220527649;69;1054;2;2442;277;0;0;-1
119;High Prophet Barim;High Prophet Barim is the hallowed spiritual leader of the Neferset. Along with General Husam, he rallied his fellow Neferset against Siamat and imprisoned the air elemental. Regardless, some dark force still drives Barim and his followers to terrorize Uldum.;0.27045899629592896,0.657185971736908;69;1053;3;2455;277;0;0;-1
122;Siamat;Purging the Neferset tol'vir's curse of flesh left the fearsome elemental Siamat severely drained. It was during this moment of vulnerability that the tol'vir struck and magically imprisoned Siamat at the center of their ancient sand-swept city.;0.4151698052883148,0.552395224571228;69;1055;4;2474;277;0;0;-1
124;Temple Guardian Anhuur;In the final days of the Halls of Origination's use by titanic forces, Temple Guardian Anhuur was endowed with the willpower needed to wield the Light. Thus empowered, he was charged with judging the purity of those entering the facility.;0.5848307013511658,0.6272455453872681;70;1080;1;2489;297;0;0;-1
125;Earthrager Ptah;Outside Earthrager Ptah's tomb, the sand is littered with the bones of creatures purified by Anhuur. It is said that Ptah can bend these remains to his will and send them against beings who manage to elude the facility's first line of defense.;0.5,0.492514967918396;70;1076;2;2540;298;0;0;-1
126;Anraphet;The Anraphet maintenance unit was created to man the inner workings of the Halls of Origination. In the event that the facility is contaminated by foreign entities, Anraphet will access programs designed to annihilate the intruders by any means necessary.;0.5598804950714111,0.1407184600830078;70;1075;3;2551;297;0;0;-1
127;Isiset, Construct of Magic;Isiset serves to regulate the arcane energies contained within, and produced by, the Halls of Origination. Legend has it that this construct has become enraptured with her own arcane mastery and the perfection with which it seemingly endows her.;0.3103795647621155,0.5;70;1077;4;2555;299;0;0;-1
128;Ammunae, Construct of Life;Although designed to reduce Azeroth to its base elements, the reordering system inside the Halls of Origination also creates new life. To that end, the construct Ammunae regulates the natural energies coursing through the facility to ensure that life will exist on a reforged Azeroth.;0.4750499427318573,0.7470060586929321;70;1074;5;2565;299;0;0;-1
129;Setesh, Construct of Destruction;Given the purpose of the Halls of Origination, the titans deemed it necessary to create Setesh, a construct who holds sway over the powers of destruction. Should Setesh ever fall to corruption, the results would be disastrous.;0.639721155166626,0.492514967918396;70;1079;6;2666;299;0;0;-1
130;Rajh, Construct of Sun;Rajh oversees the energies that have both sparked life and snuffed it out in an untold number of his kin. Considered the mightiest of his fellow constructs, Rajh holds the power to unleash the fury of a thousand suns upon Azeroth.;0.4750499427318573,0.25299394130706787;70;1078;7;2926;299;0;0;-1
131;General Umbriss;As Azeroth's champions and their red dragon allies assault the gates of Grim Batol, the malefic General Umbriss leads the fortress's cultist and twilight dragonspawn defenders.;0.40518978238105774,0.6871258020401001;0;0;1;29541;293;0;0;-1
132;Forgemaster Throngus;A smith for the Twilight's Hammer cult, this massive ettin is eager to use the weapons and armor he's forged to annihilate intruders.;0.5149999856948853,0.30000001192092896;0;0;2;816;293;0;0;-1
133;Drahga Shadowburner;This Twilight's Hammer courier is on a mission from the Bastion of Twilight. Should heroes overcome his fiery minions, Drahga will reveal a portent of doom for Azeroth's defenders.;0.6946116089820862,0.19311368465423584;0;0;3;3364;293;0;0;-1
134;Erudax, the Duke of Below;Deathwing has dispatched one of his greatest lieutenants to discover the secret that several mighty red dragons have died to protect. From the cavernous realm of Deepholm, this faceless general will bring to bear the next generation of draconic power to obliterate those foolish enough to challenge him.;0.8562617897987366,0.7470060586929321;0;0;4;3374;293;0;0;-1
139;Argaloth;Unable to contain the massive pit lord Argaloth in the cells of Dalaran's mighty Violet Hold, the magi of the Kirin Tor were left with no choice but to confine the powerful demon beneath Tol Barad.;0.8043925166130066,0.6347305774688721;75;1033;1;2602;282;0;2;15
140;Occu'thar;This ravenous demon broke free of its cage and gained access to the western wing of the prison, devouring all of the inmates held there. Occu'thar's gluttony resulted in a body too bloated to escape its environs, effectively turning the prison wing into its new holding cell.;0.15568892657756805,0.631777286529541;75;1250;2;2605;282;0;2;15
154;The Conclave of Wind;"With Siamat, Lord of the South Wind, imprisoned by the Neferset tol'vir, Al'Akir's lieutenants are vying to fill the power vacuum that now exists in the Conclave of Wind. The remaining conclave members are Anshal, Lord of the West Wind, whose gales can heal allies or poison enemies; Rohash, Lord of the East Wind, whose tempests can grind the mightiest mountains to dust; and Nezir, Lord of the North Wind, whose frigid storms have claimed more lives than all other cardinal wind lords combined.";0.4750499427318573,0.2604789733886719;74;1035;1;3166;328;0;2;15
155;Al'Akir;Gifted with great intelligence and cunning, Al'Akir the Windlord once served as the foremost tactician in the Old Gods' horrific armies. In the wake of the Cataclysm, he has aligned with Deathwing and turned his godlike powers against many of the air elementals' ancient tol'vir nemeses.;0.4750499427318573,0.5;74;1034;2;3021;328;0;2;15
156;Halfus Wyrmbreaker;Imbued with unnatural power and stamina by Cho'gall, the ettin Halfus Wyrmbreaker captures dragons for use as fodder in the Twilight's Hammer's rituals. To this end, he has enslaved a behemoth proto-dragon to aid him in hunting down his winged prey.;0.5349302887916565,0.19311368465423584;72;1030;1;2959;294;0;2;15
157;Theralion and Valiona;Magically aged to adulthood, Valiona and Theralion were to be paragons among a new clutch of twilight dragons, leading their brood in scouring Azeroth of life. Instead, they waste their incredible powers constantly bickering and fighting each other.;0.5399203300476074,0.7844312191009521;72;1032;2;2994;294;0;2;15
158;Ascendant Council;As the most powerful Twilight's Hammer cultists to be twisted into elemental beings, the Ascendant Council members have long forgotten their existence as mere mortals. From their wicked sanctum, they oversee the selection of new ascension candidates.;0.4251498281955719,0.455089807510376;72;1028;3;3109;295;0;2;15
167;Cho'gall;Under Cho'gall's control, the orcish Twilight's Hammer clan was transformed into a murderous cult obsessed with the Old Gods and their herald, Deathwing. Extended contact with his dark master has hideously warped both Cho'gall's mind and body.;0.7345319390296936,0.7544910907745361;72;1029;4;3165;295;0;2;15
168;Sinestra;Originally Deathwing's prime consort, Sinestra created the first twilight dragons, but was later obliterated by one of her terrifying creations. Now a ravaged husk reanimated by insidious magic, Sinestra oversees the creation of new twilight clutches.;0.4900199770927429,0.3428143262863159;72;1082;5;3226;296;0;2;12
169;Omnotron Defense System;The Omnotron Defense System was once touted as the Dark Iron dwarves' greatest technological marvel. When Nefarian arrived in Blackwing Descent, he repurposed the run-down system to annihilate anyone intruding on his laboratories.;0.6546912789344788,0.57485032081604;73;1027;1;3193;285;0;2;15
170;Magmaw;Magmaw is a colossal lava worm summoned from the Firelands centuries ago by Ragnaros' Dark Iron servitors. Nefarian largely considers Magmaw a worrisome pest, but has grown fond of feeding the beast his failed experiments... and servants.;0.2754494845867157,0.57485032081604;73;1024;2;3310;285;0;2;15
171;Atramedes;Atramedes, or Experiment 25463-D, is a failed attempt to bestow enhanced senses on a black dragon whelp. The toxic salve applied to the broodling robbed him of sight, forcing him to rely on sound and smell for survival. A tragic story... if Atramedes weren't so evil.;0.4750499427318573,0.3278442621231079;73;1022;3;3072;286;0;2;15
172;Chimaeron;Terrifying. Ugly. Evil. Kill it.;0.24550940096378326,0.7020958662033081;73;1023;4;3008;286;0;2;15
173;Maloriak;The human Malory was a bright young alchemist until he was kidnapped by Nefarian and fused with the corpse of a dragonspawn. The result-Maloriak-is a bumbling minion who possesses only a dull glimmer of his former intelligence.;0.7145717740058899,0.7020958662033081;73;1025;5;2929;286;0;2;15
174;Nefarian's End;Deathwing's son, Nefarian, gained infamy for his horrifying efforts to create chromatic dragons from the essences of Azeroth's various dragonflights. After his death in Blackwing Lair, he was reanimated and charged by Deathwing to continue his insidious endeavors.;0.48003995418548584,0.7020958662033081;73;1026;6;3276;286;0;2;15
175;High Priest Venoxis;Originally sent to kill Hakkar, Venoxis became enslaved to the murderous entity before falling to Azeroth's heroes. Through the efforts of the Soulflayer's agents, Venoxis has been ripped from the spirit world and ordered to defend Zul'Gurub with his venomous serpentine minions.;0.5099800825119019,0.53742516040802;76;1178;1;2787;337;0;0;-1
176;Bloodlord Mandokir;The infamous Bloodlord Mandokir died a torturous death before Bloodscalp trolls desecrated his body years ago. Word has now spread that Mandokir walks the jungles of Stranglethorn yet again, using the corpse of the mighty Bloodscalp chieftain Gan'zulah as a host for his malevolent spirit.;0.6047908663749695,0.7994012832641602;76;1179;2;2610;337;0;0;-1
177;Cache of Madness - Gri'lek;"Among the hateful spirits in the Cache of Madness are Gri'lek, a dire troll stripped of his regenerative abilities by the loa; Renataki, an infamous and sadistic warrior; Hazza'rah, a seer tormented by dire future visions; and Wushoolay, a mighty combatant bristling with the powers of the storms.";0.5998010039329529,0.4625749886035919;76;788;3;2504;337;0;0;-1
178;Cache of Madness - Hazza'rah;"Among the hateful spirits in the Cache of Madness are Gri'lek, a dire troll stripped of his regenerative abilities by the loa; Renataki, an infamous and sadistic warrior; Hazza'rah, a seer tormented by dire future visions; and Wushoolay, a mighty combatant bristling with the powers of the storms.";0.6366999745368958,0.4625749886035919;76;788;4;3508;337;0;0;-1
179;Cache of Madness - Renataki;"Among the hateful spirits in the Cache of Madness are Gri'lek, a dire troll stripped of his regenerative abilities by the loa; Renataki, an infamous and sadistic warrior; Hazza'rah, a seer tormented by dire future visions; and Wushoolay, a mighty combatant bristling with the powers of the storms.";0.5998010039329529,0.5149700045585632;76;788;5;2501;337;0;0;-1
180;Cache of Madness - Wushoolay;"Among the hateful spirits in the Cache of Madness are Gri'lek, a dire troll stripped of his regenerative abilities by the loa; Renataki, an infamous and sadistic warrior; Hazza'rah, a seer tormented by dire future visions; and Wushoolay, a mighty combatant bristling with the powers of the storms.";0.6019049882888794,0.41471099853515625;76;788;6;2498;337;0;0;-1
181;High Priestess Kilnara;When High Priestess Arlokk was killed, the panther loa Bethekk chose her sister, Kilnara, as her new mortal champion. Supporting the recent pact between the Gurubashi and Zandalar tribes, Kilnara has unleashed her savage panther minions on the region's unsuspecting denizens.;0.48003995418548584,0.20059871673583984;76;1180;7;2692;337;0;0;-1
184;Zanzil;Exiled from the Skullsplitter tribe for turning his fellow trolls into mindless slaves, Zanzil was recently offered a place among the Gurubashi by Jin'do the Godbreaker in exchange for bolstering Zul'Gurub's forces. It is well-known that his toxic elixirs can even rouse the dead from their graves.;0.3173384368419647,0.24550890922546387;76;1181;8;2508;337;0;0;-1
185;Jin'do the Godbreaker;After his defeat in Zul'Gurub, Jin'do's spirit was tormented by his failure to serve Hakkar's wishes. Jin'do recently found a way back into the world and enslaved the Soulflayer. Bristling with the dread god's terrible powers, Jin'do plans to restore the Gurubashi empire to its former glory.;0.4850299656391144,0.39520955085754395;76;1182;9;2899;337;0;0;-1
186;Akil'zon;As a former shaman of the Amani tribe, Akil'zon had a preternatural ability when working with the element of air. This talent caught the eye of Hex Lord Malacrass and made finding a host for the trolls' eagle god an easy task.;0.35528966784477234,0.23053884506225586;77;1189;1;2521;333;0;0;-1
187;Nalorakk;Hex Lord Malacrass considered Nalorakk-renowned for both his fearsome rage and savage strength on the battlefield-the ideal vessel for the bear god's essence.;0.40518978238105774,0.7739928960800171;77;1190;2;2867;333;0;0;-1
188;Jan'alai;Dragonhawks are deft predators that rend their foes with razor-sharp talons. This mindset and method of attack were also favored by one of the Amani tribe's highly skilled rogues, Jan'alai.;0.5548904538154602,0.7095808982849121;77;1191;3;2621;333;0;0;-1
189;Halazzi;The lynxes of Azeroth are vicious hunters that shred their prey with fang and claw. Hex Lord Malacrass mused that it was only right to seal the essence of the lynx god within one of the tribe's greatest hunters.;0.5848307013511658,0.23802387714385986;77;1192;4;2804;333;0;0;-1
190;Hex Lord Malacrass;Rumored to be the most feared witch doctor of the Amani tribe in decades, Hex Lord Malacrass has done the unthinkable and sealed the essence of several mighty troll animal gods in their strongest champions... keeping the darkest one for himself.;0.7145717740058899,0.529940128326416;77;1193;5;2706;333;0;0;-1
191;Daakara;To fill the power vacuum left from the death of their old warlord, Zul'jin, the remaining trolls of the Amani tribe chose their favored champion, Daakara the Invincible, to reclaim their lost glory.;0.9041933417320251,0.529940128326416;77;1194;6;2875;333;0;0;-1
192;Beth'tilac;Matriarch of the Cinderweb Brood, Beth'tilac and her merciless offspring sate their appetites by sucking the magma and fire from the corpses of elementals. To provide her broodlings with added sustenance, Beth'tilac has woven a network of incendiary webs throughout her lair to trap unsuspecting prey.;0.21057921648025513,0.3278442621231079;78;1197;1;20826;367;0;0;-1
193;Lord Rhyolith;Rhyolith is one of the most ancient elementals in existence, born from the primordial fires that forged Azeroth itself. He is responsible for the creation of new elementals in the Firelands and still possesses a searing hatred of the titans for what he considers monumental arrogance in relocating him.;0.6536932587623596,0.7500001192092896;78;1204;2;20812;367;0;0;-1
194;Alysrazor;When Ragnaros's forces surged into Mount Hyjal, the green dragon Alysra betrayed her allies and helped liberate the traitorous archdruid Fandral Staghelm. As a reward, she was purified with fire and reborn as a fearsome fire hawk.;0.6437137126922607,0.3802395462989807;78;1206;3;20817;367;0;0;-1
195;Shannox;The flamewakers are among the most feared elemental guardians in the Firelands.  Shannox is no exception.  Serving as the chief hunter and kennel master of Ragnaros's hell hounds, Shannox patrols the elemental realm with his two most ferocious beasts: Riplimb and Rageface.;0.493013471364975,0.44311341643333435;78;1205;4;20808;367;0;0;-1
196;Baleroc, the Gatekeeper;Baleroc earned a reputation as a merciless combatant during the elemental wars of ancient Azeroth. Now that he is confined to the Firelands, Baleroc's sanity has dwindled. Few elementals dare disturb him, fearful that they will become victim to his battle lust.;0.4950096011161804,0.30988049507141113;78;1200;5;20822;367;0;0;-1
197;Majordomo Staghelm;The loss of his son, Valstann, in the War of the Shifting Sands utterly shattered Fandral Staghelm's spirit. Now empowered by Ragnaros as the new Majordomo of the Firelands (replacing the deceased Majordomo Executus) and the leader of the treacherous Druids of the Flame, Fandral seeks to bring ruin to Azeroth rather than live in a world without his beloved child.;0.5099800825119019,0.7245509624481201;78;1185;6;20830;369;0;0;-1
198;Ragnaros;Ragnaros, lord of the Firelands, embodies the fury and destruction of the primordial infernos that forged Azeroth itself. Promised the chance to set Azeroth aflame without interference from Neptulon and Therazane, Ragnaros seeks to appease the Old Gods by incinerating the World Tree of Nordrassil.;0.507502019405365,0.15383000671863556;78;1203;7;20834;369;0;0;-1
283;Echo of Tyrande;Once the leader of the night elves and High Priestess of Elune, this time-twisted fragment of Tyrande Whisperwind now wanders the wastes of the desolate future of Azeroth. Enveloped in a perpetual midnight, she has all but lost sight of the comforting light of Elune.;0.5155140161514282,0.43377500772476196;184;1884;4;3667;405;0;0;-1
285;Echo of Jaina;The tormented fragment of Jaina Proudmoore has been split and infused within the shattered pieces of her staff. To restore balance to the timeways, this echo must be defeated. However, the devastating magical power possessed by the once-proud ruler of Theramore is hardly lost to her time-havocked spectre. In this future Azeroth, she is only divided, and waiting...;0.49538901448249817,0.66081702709198;184;1883;2;3641;402;0;0;-1
289;Murozond;Now living outside of time, Murozond was once the great Dragon Aspect Nozdormu the Timeless One. After the titans showed him his own death, the tormented Nozdormu was tricked by the Old Gods into trying to subvert his mortality. As a result, Nozdormu shattered the timeways and created the Infinite Dragonflight... jeopardizing the very future of Azeroth.;0.484811007976532,0.3230130076408386;184;1271;5;3675;406;0;0;-1
290;Peroth'arn;"Like many of his fellow Highborne, Peroth'arn swore allegiance to the corrupted Xavius in exchange for gifts of demonic power.

As a master of fiendish magic and recipient of the satyr curse, Peroth'arn stands outside Azshara's palace in defense of the Burning Legion, ready to destroy those hoping to disrupt the entrance of the Dark Titan, Sargeras, into Azeroth.";0.23748500645160675,0.48257699608802795;185;1272;1;4164;398;0;0;-1
291;Queen Azshara;The songs of Queen Azshara's beauty, majesty, and power are too numerous to count, but it was her vanity that drove the Highborne to summon the Burning Legion. She now watches her most trusted magi empower the portal where Sargeras will be brought into Azeroth, content to let multitudes of her servants die in advance of the Dark Titan's arrival.;0.46338900923728943,0.3696250021457672;185;1273;2;3968;398;0;0;-1
292;Mannoroth and Varo'then;Varo'then, head of Queen Azshara's personal guard, and Mannoroth, the pit lord whose blood will corrupt the entire orc race, stand as the last line of defense against those hoping to bar Sargeras's entry into Azeroth. Though both Tyrande and Illidan have fought bravely thus far, the fate of Azeroth will be decided at the Well of Eternity's very brink.;0.8730279803276062,0.48257699608802795;185;1274;3;3684;398;0;0;-1
311;Morchok;The most powerful elemental still under Deathwing's sway, Morchok-once a passive guardian-is now convinced that his only respite will come with Azeroth's demise. Morchok rages against the foundation of Wyrmrest Temple, Azeroth's last beacon of hope in the Hour of Twilight.;0.5039960145950317,0.6925240159034729;187;1292;1;3879;409;0;0;-1
317;Hagara the Stormbinder;Hagara, one of the first students of arcane magic under the Forsaken, showed surprising potential for one who had started learning so late in life. But in her undisciplined attempts to bind elementals into servitude, she was ensnared and twisted by the Windlord, Al'Akir. Now fiercely loyal to the Twilight's Hammer, Hagara binds others for her elemental masters to torment.;0.527504026889801,0.520451009273529;187;1296;4;3912;412;0;0;-1
318;Spine of Deathwing;When Deathwing first channeled the Dragon Soul's power against the other flights, the massive energies that were unleashed threatened to break apart his very body.  Rather than forgo this weapon, he had adamantium plates fused to his scales to hold his body together. Later reinforced with elementium, these plates are now his weakness--the sole vulnerability to Deathwing's lethal presence.;0.3321169912815094,0.8525869846343994;187;1291;7;4050;414;0;0;-1
322;Arcurion;Horde and Alliance assaults against the Twilight's Hammer have slaughtered many of the cult's fearsome elemental ascendants. One exception is Arcurion, a formidable ice ascendant tasked to slay Thrall and retrieve the Dragon Soul. Should this twisted elemental being succeed, nothing will be able to stop Deathwing from ushering in the Hour of Twilight.;0.5673760175704956,0.2771790027618408;186;1337;1;3942;399;0;0;-1
323;Echo of Sylvanas;Spawned from shattered timeways and cloistered within the Ruby Dragonshrine, a maddened fragment of the Forsaken's leader, Sylvanas Windrunner, waits restlessly. Having lost everything and unable to find peace, this tormented echo aches for a chance to unleash her dark fury at anything still living within these barren, time-twisted wastes.;0.5590969920158386,0.3920679986476898;184;1882;3;3955;403;0;0;-1
324;Warlord Zon'ozz;Countless ages ago, Warlord Zon'ozz and his soldiers waged endless war against the forces of C'Thun and Yogg-Saron. Millennia have passed, but the warlord still serves the chaotic might of the Old God N'Zoth. Deathwing has now unleashed this legendary faceless one to crush the defenders of Wyrmrest Temple.;0.5096380114555359,0.5303249955177307;187;1294;2;3970;410;0;0;-1
325;Yor'sahj the Unsleeping;Since the fall of the Bastion of Twilight, Yor'sahj the Unsleeping has eagerly assisted Deathwing, providing the Destroyer with the means to release more faceless ones from their prisons deep beneath the earth. Their numbers are endless and their power is beyond reckoning, and Yor'sahj intends to reap a grim reward for his faithful service.;0.46826499700546265,0.4992949962615967;187;1295;3;3974;411;0;0;-1
331;Ultraxion;More an abomination of dark energy than a dragon, Ultraxion has spent his short life absorbing the essence of captured nether dragons. Ultraxion is the only twilight dragon Deathwing has praised, and his arrogance is overshadowed only by the crackling energies surging through his twisted form. Loyal to his master, Ultraxion swears to bring about the fall of Wyrmrest Temple.;0.5003290176391602,0.45809000730514526;187;1297;5;4247;409;0;0;-1
332;Warmaster Blackhorn;Though once vast in number, only a few dozen twilight dragons now remain. Astride these hardened survivors are the last vestiges of the Twilight's Hammer's army: the elite drake riders of Deathwing's personal escort. Led by the insidious Warmaster Blackhorn, they move with unholy purpose, driven to protect their dark master.;0.48152101039886475,0.17177100479602814;187;1298;6;4027;413;0;0;-1
333;Madness of Deathwing;A warped mass of molten hatred and unfathomable power, this formless, mindless horror cannot be stopped. Whatever was left of Neltharion the Earth-Warder is long gone, his mind and soul corrupted and devoured by his Old God masters. All this monstrous being desires is destruction, annihilation, and the end of all things.;0.47870200872421265,0.5384849905967712;187;1299;8;4040;415;0;0;-1
335;Sha of Doubt;The physical manifestation of suspicion was trapped in the Jade Forest after Emperor Shaohao defeated the entity 10,000 years ago. The Sha of Doubt then grew obsessed with the Jade Serpent--Yu'lon, the Spirit of Wisdom and Foresight--and now delights in the thought of corrupting her home.;0.6089299917221069,0.5906630158424377;313;1439;4;4072;429;0;0;-1
339;Alizabal, Mistress of Hate;The Kirin Tor imprisoned Alizabal in their formidable Violet Hold not long after corrupt magi summoned the shivarra into Azeroth. Despite arcane wards restricting her powers, the demon's malicious influence alone caused her guards to murder one another in sudden fits of rage. Her transfer to Baradin Hold prior to the Cataclysm has only aggravated the ruined prison's increasingly dire conditions.;0.4790419936180115,0.179640993475914;75;1332;3;4120;282;0;2;15
340;Echo of Baine;Enraged by his failure to protect the world and, most importantly, the Horde, this time-ravaged shade of Baine Bloodhoof lingers within the ruins of the Obsidian Dragonshrine. Although he's still as powerful as the tauren high chieftain from the present, within this shattered future Azeroth, this guilt-ridden echo is little more than a discordant vessel of unquenchable malice and anger.;0.3671970069408417,0.530951976776123;184;1881;1;4138;404;0;0;-1
341;Archbishop Benedictus;Archbishop Benedictus is the revered leader of the Church of the Holy Light. For years, his wise guidance has been instrumental in seeing humanity through bleak times. Yet beneath his apparent benevolence lies the shocking truth that Benedictus has pledged himself to the eradication of all life on Azeroth through the agency of his dark master... Deathwing.;0.47382399439811707,0.5137540102005005;186;1339;3;4150;400;0;0;-1
342;Asira Dawnslayer;Former blade-for-hire Asira Sunbright was initially leery of working for the Twilight's Hammer, but the cult's generous payments quickly won her over. In time, she succumbed to the corruptive influence of her dark employers, even going so far as to take the name Dawnslayer. As one of the cult's deadliest assassins, Asira has been called upon to exterminate Thrall and his comrades.;0.4077039957046509,0.5093560218811035;186;1340;2;4167;399;0;0;-1
368;Ghamoo-Ra;When the Twilight's Hammer cult arrived, its followers roused and imprisoned one of the last peaceful creatures living in Elune's temple. The cult delighted in tormenting the giant turtle for years, flaying its mind and body until it succumbed to madness. Naming the beast Ghamoo-Ra, the cultists attempt to control its savagery in order to protect their lair.;0.33333298563957214,0.6068699955940247;227;1667;1;9472;221;0;0;-1
369;High Interrogator Gerstahn;The Twilight's Hammer cultist Gerstahn has always indulged in life's finer things: exotic foods, fine clothes, and gem-encrusted torture tools. Day and night, her prisoners' bloodcurdling cries echo throughout the Dark Iron clan's infamous Detention Block. Gerstahn proudly calls this horrific noise her symphony of screams, and she is always eager to add another voice to the chorus.;0.47404399514198303,0.9221310019493103;228;227;1;4630;242;0;0;-1
370;Lord Roccor;Lord Roccor loathes the scheming and backstabbing of his fellow fire elementals. To avoid serving alongside his kind in the Molten Core, the mighty being purposefully angered the Firelord. Roccor's risky gambit paid off: he was expelled from the core and forced to guard Blackrock Depths in isolation.;0.5560110211372375,0.6700819730758667;228;228;2;4472;242;0;2;1
371;Houndmaster Grebmar;Grebmar Fleabeard's hounds are the only family he's ever known. Long ago, the orphaned dwarf began breeding canines to serve as companions and guard dogs. When the houndmaster isn't patrolling Blackrock Depths with his loyal beasts, he often treats them to the Grim Guzzler's finest Dark Iron ale.;0.5350019931793213,0.5734660029411316;228;229;3;4626;242;0;0;-1
372;Ring of Law;There is only one punishment for crimes committed against the Dark Iron dwarves: death. Ancient tradition calls for the guilty to pay the blood price in the Ring of the Law by battling savage creatures gathered from across Azeroth. To date, it is unknown if anyone has ever survived this brutal crucible.;0.4977850019931793,0.645796000957489;228;230;4;4547;242;0;2;1
373;Pyromancer Loregrain;Once a respected member of the Earthen Ring, Loregrain joined the Twilight's Hammer cult for reasons that remain a mystery to his former allies. He eventually journeyed to Blackrock Depths, where he took a sudden interest in the famed Dark Iron architect Franclorn Forgewright. The purpose of his current obsession is unclear, but Loregrain remains loyal to his cult and an enemy of all who oppose it.;0.5491799712181091,0.9487699866294861;228;231;5;4496;243;0;2;1
374;Lord Incendius;Baron Geddon taught Incendius to harness his destructive powers, but the baron never expected his protege to grow so lethally efficient. Increasingly wary that Incendius might usurp him, Geddon sent the blazing elemental out of the Molten Core to guard the Dark Iron dwarves' fabled Black Anvil.;0.5642079710960388,0.31147500872612;228;232;6;4476;242;0;2;1
375;Warder Stilgiss;After years of dedication to Emperor Thaurissan, the cunning mage Stilgiss was entrusted with protecting his clan's coffers in the Black Vault. The loyal dwarf's close friend Houndmaster Grebmar celebrated the occasion by gifting one of his vicious dogs--Verek--to Stilgiss. The mage has put the beast to good use, keeping it at his side to scare off the vault's would-be thieves.;0.6024590134620667,0.6598359942436218;228;233;7;4386;243;0;0;-1
376;Fineous Darkvire;Chief Architect Fineous Darkvire earned his title by passing off the ideas of more gifted masons as his own. His arrogance and scheming have drawn the ire of his predecessor, Franclorn Forgewright, from beyond the grave. The ghost of the late chief architect seeks to reclaim his incredibly powerful hammer--Ironfel--from Darkvire before it can be used for ill.;0.6352459788322449,0.21106599271297455;228;234;8;4538;242;0;0;-1
377;Bael'Gar;The monstrous molten giant Bael'Gar lumbers across the Dark Iron Highway, a stunning feat of dwarven engineering carved into Blackrock Depths. Ragnaros pulled the giant from the heart of the Firelands to guard a massive sealed door at one end of the highway. According to legend, only the Firelord and the Dark Iron clan's highest-ranking members know what lies beyond the mysterious gate.;0.25136598944664,0.5348359942436218;228;235;9;4532;242;0;2;1
378;General Angerforge;Through a lifetime of study, General Angerforge has become an expert on dwarven military history and tactics. He recently incurred Emperor Dagran Thaurissan's fury by writing a scathing treatise on his clan's failures in past conflicts. This political blunder aside, Angerforge is a Dark Iron to his core. He will bleed--and die, if necessary--to protect his people and his emperor.;0.3633880019187927,0.8237699866294861;228;236;10;4508;243;0;2;1
379;Golem Lord Argelmach;Argelmach's lifelong obsession with immortality drove him to forge enchanted constructs in his own image. Rumor has it that he has also dabbled in some form of black magic that would allow the golem lord's new creations to act as vessels for his spirit should his flesh-and-blood body be destroyed.;0.36475399136543274,0.6516389846801758;228;237;11;4501;243;0;2;1
380;Hurley Blackbreath;To say Blackbreath is a regular at the Grim Guzzler would be something of an understatement. In over a decade, the mischievous drunkard has left the tavern only once to steal a top-secret recipe for Thunderbrew Lager. Blackbreath has occasionally sobered up enough to make the concoction himself, and he claims it grants unimaginable strength and courage.;0.5056679844856262,0.7047780156135559;228;238;12;4494;243;0;2;1
381;Phalanx;Until recently, drunken brawls raged within the Grim Guzzler on an almost daily basis. Barkeep Plugger Spazzring has reduced the frequency of these scuffles with Phalanx, a mighty golem bouncer programmed to maintain order in the tavern and eliminate raucous patrons with extreme force.;0.4582059979438782,0.5647450089454651;228;239;13;4504;243;0;2;1
383;Plugger Spazzring;They say that at the Grim Guzzler everyone knows your name. This sense of camaraderie is due to the hard work of Spazzring, a leper gnome who sought a new life in Blackrock Depths after the fall of Gnomeregan. Despite his history of dabbling with evil as a warlock, he takes pride in his job as the tavern's barkeep, making sure that his patrons' mugs never run dry.;0.47721999883651733,0.657122015953064;228;241;15;4485;243;0;2;1
384;Ambassador Flamelash;For his unwavering service to Ragnaros, Flamelash ascended to the rank of ambassador to the Dark Iron clan. This depraved being initially despised his dwarven allies, but he has come to respect their penchant for destruction. As a show of solidarity, Flamelash guards the Chamber of Enchantment, a sacred location used by the dwarves to empower their weaponry.;0.5382509827613831,0.4856559932231903;228;242;16;4482;243;0;2;1
385;The Seven;Centuries ago, sorcerer-thane Thaurissan and seven of his most powerful Dark Iron allies accidentally summoned Ragnaros into Azeroth and damned their entire clan to enslavement. Although the Seven perished during the ritual, their restless spirits still linger in Blackrock Depths, cursed to serve their elemental master and the current Dark Iron ruler.;0.5382509827613831,0.24795100092887878;228;243;17;4471;243;0;2;1
386;Magmus;Ambassador Flamelash charged the molten giant Magmus with guarding Emperor Dagran Thaurissan's throne room, but not even this act put the Dark Iron ruler's concerns to rest. Ever fearful of assassins, the emperor also granted Magmus control over a series of fire-breathing statues outside his royal chambers.;0.7964479923248291,0.11885199695825577;228;244;18;4480;243;0;2;1
387;Emperor Dagran Thaurissan;Emperor Dagran Thaurissan rules alongside Princess Moira of the rival Bronzebeard clan. Debate rages over whether the emperor ensorcelled his bride or she willingly joined him. Whatever the truth, Thaurissan's continued presence bodes ill for the future of his clan. So long as he lives, the Dark Irons will remain pawns of Ragnaros, and a dire threat to kingdoms throughout Azeroth.;0.9098359942436218,0.11885199695825577;228;245;19;4645;243;0;2;1
388;Highlord Omokk;Omokk rules over the spire's ogres with an iron fist. Many underlings have challenged him to single combat in the hopes of seizing the highlord's title, but all have fallen without landing a solitary blow. This mysterious phenomenon has led to rumors that dark magic is protecting Omokk.;0.3866119980812073,0.5901640057563782;229;267;1;4523;252;0;0;-1
389;Shadow Hunter Vosh'gajin;Vosh'gajin is renowned for her beauty--and psychotic tendencies--among the trolls. A master of the shadow hunter arts, she wields formidable hexes, curses, and healing magics.;0.5532789826393127,0.6926230192184448;229;268;2;4525;251;0;0;-1
390;War Master Voone;During the Second War, Voone led small strike teams on daring missions into the heart of high elven territory. The cunning troll joined the false Horde because he wanted to be its chief strategist, not because he believed in Blackhand's ideology. Voone sees the splinter faction as an underdog, and he enjoys the satisfaction of overcoming insurmountable odds.;0.524590015411377,0.5450819730758667;229;269;3;4527;250;0;0;-1
391;Mother Smolderweb;Centuries ago, the Dark Iron dwarves dug into the lair of Mother Smolderweb, releasing the massive arachnid into the spire's halls. Her brood has continued to swell in number since that time, so much so that even Blackhand's forces fear traveling through Smolderweb's domain.;0.6207360029220581,0.7414150238037109;229;270;4;4543;251;0;0;-1
392;Urok Doomhowl;Doomhowl is the true leader of the spire's ogres. This sinister figure has charmed his trusted aid, Highlord Omokk, with insidious magic to control Doomhowl's minions in his stead. He has gone to great lengths to keep up this charade, ruthlessly killing any ogres who challenge the highlord's rule.;0.4549179971218109,0.5573769807815552;229;271;5;4552;253;0;0;-1
393;Quartermaster Zigris;After the First War, the orc hunter Zigris became infamous for tracking down Stormwind refugees and slaughtering them like game. He loathes Blackrock Spire's claustrophobic halls, but he is certain a day will come when he'll hunt in the open air again.;0.5396170020103455,0.8442630171775818;229;272;6;4568;254;0;0;-1
394;Halycon;Halycon comes from a long line of great worgs bred for their ferocity and loyalty. Over the years, the den mother has produced an astonishing number of savage offspring. Rumors have spread that she is a demonic hound gifted to Rend Blackhand by a pit lord of the Burning Legion.;0.37978100776672363,0.8401640057563782;229;274;7;4572;254;0;0;-1
395;Gizrul the Slavener;Very few of the Dark Horde have seen the reclusive and unpredictable Gizrul. The beast emerges from his shadowy den only when his mate, Halycon, calls to him. The two monstrous creatures have produced some of the largest--and most ferocious--worgs ever bred in orcish history.;0.39480799436569214,0.7930319905281067;229;273;8;4584;254;0;0;-1
396;Overlord Wyrmthalak;The black dragonspawn Wyrmthalak oversees the lower spire's forces as they prepare for their assault against the dwarves. He has no love for the false Horde or its brutish members, and he will sacrifice any number of Blackhand's minions to protect his master, Nefarian.;0.5751370191574097,0.600409984588623;229;275;9;4587;255;0;0;-1
402;Zevrim Thornhoof;Desperate to show his worth to the Burning Legion, Zevrim Thornhoof told his masters he could enslave the formidable ancients who still roamed Dire Maul. When his own power proved insufficient, Thornhoof turned to other living creatures for additional energy, butchering them atop his sacrificial altar and harvesting their essence in their final, agonizing moments.;0.5751370191574097,0.7438520193099976;1276;343;3;4655;240;0;0;-1
403;Hydrospawn;When the satyr Zevrim Thornhoof sought to control the elementals in Dire Maul, he focused on Hydrospawn, who calmly resided in the pool beneath his altar. As he performed his profane sacrificial rituals, the elemental grew agitated and restless, striking out at Thornhoof's demonic minions. As the years passed, Thornhoof used his victims' energies to whip Hydrospawn into unbridled fury, little by little binding its will to the satyr's commands.;0.5368850231170654,0.7151640057563782;1276;344;2;5004;240;0;0;-1
404;Lethtendris;Dire Maul's warped energy drew Lethtendris from afar, giving her hope of satisfying her unbearable craving for arcane magic. Using the sinews and ligaments of sacrificial victims, she constructed a web to siphon the corrupt power out of the east wing. To her delight, she discovered that the device has the capacity to gather vast reserves of overwhelming strength, enough to destroy all of her enemies.;0.43852499127388,0.4815570116043091;1276;345;0;29889;239;0;0;-1
405;Alzzin the Wildshaper;Alzzin the Wildshaper seeks nothing less than the total corruption of Feralas, but until he discovered the Shrine of Eldretharr in Dire Maul, he had little success. With the power of enslaved ancients at his command, Alzzin concentrated the vitality of the surrounding forest into his lair, allowing him to manipulate it at will.;0.5669400095939636,0.28893399238586426;1276;346;4;4921;240;0;0;-1
406;Tendris Warpwood;Tendris Warpwood was a staunch defender of Eldre'Thalas, his heart inexorably entwined with the fate of the city. When the Sundering shattered the land, his resolve never wavered, but as corruption seeped into the ruins over the next 10,000 years, so too did it infect the ancient's spirit.;0.33606600761413574,0.5368850231170654;230;350;5;4913;236;0;0;-1
407;Illyanna Ravenoak;Illyanna Ravenoak, along with her faithful companion Ferra, was once Prince Tortheldrin's most valued hunter, until she refused to carry out her leader's order to execute her friends. As punishment, he killed Illyanna and her bear, but he used his demonic power to bind their spirits to their bodies, condemning them to remain in Dire Maul as undead protectors.;0.2035519927740097,0.776639997959137;230;347;6;4906;236;0;0;-1
408;Magister Kalendris;When Prince Tortheldrin demanded the slaughter of the majority of his subjects, his most loyal lieutenants were tasked with executing his will. Magister Kalendris murdered many unsuspecting Shen'dralar without hesitation, but one of the doomed elves mortally wounded him during a destructive battle. Despite his demise, Kalendris's spirit still roams Dire Maul as a defender of Tortheldrin's rule.;0.33879798650741577,0.4508199989795685;230;348;7;4836;237;0;0;-1
409;Immol'thar;In a desperate bid to restore the power and immortality they lost when the Well of Eternity was destroyed, the Shen'dralar summoned a demon into the western wing of Dire Maul and captured him within a force field, allowing them to use the void terror's energy for their own spells. Unable to fight back or even move for nearly 10,000 years, Immol'thar could only watch and wait for the day he might break free and rend the flesh of his captors.;0.34972700476646423,0.5758200287818909;230;349;8;4822;238;0;0;-1
410;Prince Tortheldrin;After the Well of Eternity's destruction, Prince Tortheldrin maintained control over the surviving Shen'dralar by imprisoning a demon in the ruins of Eldre'Thalas and letting his subjects siphon its strength. The exposure to demonic power twisted Tortheldrin's mind, and when the creature faltered, the prince ordered the deaths of many of his vassals so only he and his most fanatical followers would be left to enjoy the corrupt energy.;0.6229509711265564,0.2315569967031479;230;361;9;4754;238;0;0;-1
411;Guard Mol'dar;"Mol'dar is a zealously loyal guard from the Gordok ogres. He is convinced King Gordok gifted him with a pair of enchanted gauntlets that have enabled him to become his people's arm wrestling champion for six years running. In truth, King Gordok threw the powerful armor away; Mol'dar simply found it first.";0.6953549981117249,0.7602459788322449;1277;362;10;4740;235;0;0;-1
412;Stomper Kreeg;On more than one occasion, skulking assassins have met their doom after accidentally disturbing Kreeg's ale mug. Though he's often passed out drunk on duty, nothing rouses the ogre into a berserker fury faster than the sound of his precious drink splattering on the stone floor.;0.6120219826698303,0.6926230192184448;1277;363;11;4734;235;0;0;-1
413;Guard Fengus;Ever since Cho'Rush the Observer told him he was destined to meet a mate while on duty, Fengus has spent almost every waking moment patrolling Gordok territory.;0.49453601241111755,0.7807379961013794;1277;364;12;4725;235;0;2;3
414;Guard Slip'kik;Some might think Slip'kik is merely cautious, but he's also lazy. Rather than challenge King Gordok directly, Slip'kik tinkers with traps and old, broken magical devices, hoping to eventually deliver a coup de grace without an ounce of risk or a drop of sweat.;0.2663930058479309,0.5717210173606873;1277;365;13;4716;235;0;2;3
415;Captain Kromcrush;Even among ogres, Captain Kromcrush is infamous for his hair-trigger rage toward anyone who dares to insult him or King Gordok. He crushes dissent ruthlessly, but he has still less patience for those who continue to spread the rumor of his torrid affair with a gnoll long ago.;0.31830599904060364,0.5061479806900024;1277;366;14;4705;235;0;2;3
416;Cho'Rush the Observer;Cho'Rush doesn't usually take sides, but when Ulrok was rising to power, it was clear there was nobody who could challenge him. The king quickly appointed Cho'Rush as his chief advisor, believing that his twin heads would make him twice as resourceful as the average ogre.;0.3195419907569885,0.3036929965019226;1277;367;15;4673;235;0;0;-1
417;King Gordok;"To rule the Gordok ogres, one must simply proclaim oneself king... and then destroy all who might disagree. King Gordok--then merely known as Ulrok--solidified his power by convincing a dozen of his people's strongest warriors to challenge the king at the same time. The wild melee left most of the contestants dead or wounded, and Ulrok's blade easily cut down the survivors and the battle-weary king. To this day, Gordok ogres speak in hushed tones about the ""Day of Da Blood.""";0.3195439875125885,0.2294819951057434;1277;368;16;4666;235;0;0;-1
418;Crowd Pummeler 9-60;In Gnomeregan's heyday, inventors would compete for status by pitting their creations against one another. The mekgineer Oglethorpe Obnoticus built an unbeatable robot, and this earned him respect in the high tinker's court. Sicco Thermaplugg stole Obnoticus's blueprints and then made a giant version of the machine. He set his forgery loose, and the horrific results drove the ruling council to banish the innocent Obnoticus. The Crowd Pummeler 9-60 is still one of Thermaplugg's favorite (stolen) inventions.;0.43169400095939636,0.883197009563446;231;381;4;4670;228;0;0;-1
419;Grubbis;The radioactive gas that flooded the city was meant to anger the troggs and kill the gnomes, and Thermaplugg's plan was brutally effective. One trogg, however, reacted oddly to the substance: Grubbis grew. And grew. It was a side effect that Sicco had not anticipated, but he's never been one to waste valuable (and dangerous) resources. This giant trogg now patrols the tunnels of Gnomeregan. His loyal basilisk pet, Chomper, helps Grubbis sniff out gas leaks, tasty fungi, and even tastier intruders.;0.7786880135536194,0.6700819730758667;231;379;1;4690;226;0;0;-1
420;Viscous Fallout;The formerly robust and elegantly complex waterways of Gnomeregan are now an irradiated mess filled with toxic slime. A lone water elemental who had dwelt in the gnomes' aquifer became trapped in the contamination, and the pollution corrupted its pure form. It currently wanders the halls of Gnomeregan in anger and agony, a liquid embodiment of the vile poison of Thermaplugg's betrayal.;0.7595630288124084,0.4651640057563782;231;378;2;4691;227;0;0;-1
421;Electrocutioner 6000;"Mekgineer Thermaplugg is not a patient gnome. Rather than putting his inventions through a battery of tests to determine their safety and effectiveness, he rushes them into the field and moves on to the next project. The Electrocutioner 6000 was his first attempt at harnessing electricity as a weapon via a super-charged mechano-tank. Lieutenant Tom ""Sizzlepants"" Crankle, the only soldier to survive piloting the Electrocutioner, is now something of a hero among the leper gnomes.";0.24316899478435516,0.6844260096549988;231;380;3;4692;227;0;0;-1
422;Mekgineer Thermaplugg;"Murderer, traitor, and self-proclaimed king of the gnomes, the mekgineer Sicco Thermaplugg rules over the radioactive halls of Gnomeregan with a malfunctioning iron fist. His subjects are numerous, vicious, and insane enough to defend their crazed king against any intrusion from the upper world. It is Thermaplugg's madness that makes him so dangerous; he possesses the cunning to destroy everything around him, with no thought for his own life. There is a reason that even the monsters of Gnomeregan fear him.";0.31147500872612,0.30327901244163513;231;382;5;4702;229;0;0;-1
423;Noxxion;Noxxion is a living embodiment of corruption. Theradras ordered her ally Lord Vyletongue to create this putrid elemental to be a powerful servant and a loyal pet to ease the princess's loneliness. Noxxion spreads its toxic essence into areas of Maraudon that have not yet withered under Theradras's malign influence.;0.3620220124721527,0.09836070239543915;232;422;1;4709;280;0;0;-1
424;Razorlash;Razorlash was made to accompany Noxxion through Maraudon. In time, this new creation became one of the princess's most cherished servants. Razorlash constantly wanders the caves alongside Noxxion, using thorny tendrils to shred any untainted plant life it can find.;0.16666699945926666,0.3442620038986206;232;423;2;4713;280;0;0;-1
425;Tinkerer Gizlock;Tinkerer Gizlock and five other gem hunters snuck into Maraudon to mine its highly prized crystals. Their plan went horribly wrong when satyrs slaughtered everyone in the party save for Gizlock. The goblin, trapped within the caves and driven to the brink of madness, sees himself as the subterranean region's new ruler.;0.5095630288124084,0.5307379961013794;232;427;3;4721;280;0;0;-1
426;Subjugator Kor'ul;The Twilight Hammer commanded their powerful enforcer, Subjugator Kor'ul, to cleanse the caves of anything not under their control. Gelihast was first to fall under the crushing strength of Kor'ul, who then seized control of the cave dwelling murlocs. Kor'ul left Gelihast's twisted corpse on display as proof of his dominance and now uses the murlocs to hoard the possessions of those who perish in these caves.;0.543283998966217,0.564179003238678;227;1669;3;9480;221;0;0;-1
427;Lord Vyletongue;The satyr lord Vyletongue journeyed into Maraudon's depths after hearing of its corruption. Theradras was wary of the conniving demon at first, but Vyletongue proved his worth by creating an array of wretched minions, such as Noxxion and Razorlash, for the princess.;0.37841498851776123,0.7049180269241333;232;424;4;4730;280;0;0;-1
428;Celebras the Cursed;Upon learning of his uncle's tragic fate, the noble Celebras swore to free Zaetar's spirit. Yet the keeper of the grove was not prepared for the horrors that awaited him in Maraudon's shadowy corridors. The dark energies permeating the area quickly overcame Celebras, filling his heart with uncontrollable rage.;0.24590200185775757,0.1434430032968521;232;425;5;4745;281;0;0;-1
429;Landslide;For years, the ancient mountain giant known as Landslide cultivated brilliant crystal gardens in Maraudon, but Theradras enthralled the behemoth when she took up residence there. This once-stoic giant now lives only to serve his tyrannical new master.;0.4084700047969818,0.4877049922943115;232;426;6;4749;281;0;0;-1
430;Rotgrip;Rumor has it that Rotgrip has dwelled in Maraudon's subterranean waters for millennia. The famed dwarven hunter Hemet Nesingwary once proclaimed that the beast could not be found, and a number of amateur trackers accepted the challenge of seeking out the legendary creature. None of them ever returned.;0.41393399238586426,0.8176230192184448;232;428;7;4757;281;0;0;-1
431;Princess Theradras;The earth elemental Theradras, Therazane the Stonemother's sole daughter, resides in Maraudon's inner sanctum. Influenced by the Old Gods, the princess transformed her home into a den of corruption and suffering. Some believe that her foul powers are tied to the spirit of her dead lover, Zaetar. If so, liberating the fallen keeper of the grove might be the only hope of cleansing Maraudon.;0.25819700956344604,0.7889339923858643;232;429;8;4759;281;0;0;-1
433;Mordresh Fire Eye;"Through necromantic magic Death Speaker Blackthorn was able to rekindle the flames of Mordresh Fire Eye's soul, returning him to undeath.

As a former shaman, Mordresh has exerted his twisted control over the elements.  He burns and scorches all those who threaten the Death Speaker's work.";0.8606560230255127,0.4672130048274994;233;1663;2;4767;300;0;0;-1
436;Domina;When Lady Sarevess failed to provide magical protection, Domina sacrificed the naga to empower her own dark ritual. Unlike her predecessor, Domina, Mistress of the Dark, has no fear of Aku'mai and hand feeds the beast countless innocents in order to curry favor with the Old Gods.;0.11193999648094177,0.3895519971847534;227;1668;2;9476;221;0;0;-1
437;Twilight Lord Bathiel;The Twilight's Hammer do not tolerate failure, so the first command Twilight Lord Bathiel gave once he assumed control of Blackfathom Deeps was to throw Lord Kelris into the hungry maw of Aku'mai.  Now, this elemental ascendant commits the depths of his unfathomable power to raising the beast of the Old Gods and covering the world in black.;0.5238800048828125,0.8082090020179749;227;1671;7;9507;222;0;0;-1
443;Hearthsinger Forresten;The Culling of Stratholme claimed the lives of innumerable people whose only crime was being in the doomed city. A traveling singer and piccolo player named Forresten was one such victim. He continues to wander the city in death, unable to accept his tragic fate.;0.6051909923553467,0.3269999921321869;236;473;0;4794;317;0;0;-1
444;Aku'mai;Aku'mai, an ancient evil, carries within him a small measure of the Old Gods' power. This three-headed hydra is greatly feared for his mindless savagery and insatiable hunger for living flesh, but the Twilight's Hammer worships him as a divine sign that the Old Gods will soon return.;0.8552240133285522,0.8641790151596069;227;1672;8;9442;222;0;0;-1
445;Timmy the Cruel;Timmison was infamous for his savagery on the field of battle. Some speculate his sadism stemmed from the ceaseless bullying he endured as a child. Now reborn as a Scourge monstrosity, his mind shattered, he is tormented by those memories, causing him to answer to the name he once loathed: Timmy.;0.49500900506973267,0.18000000715255737;236;474;3;4799;317;0;0;-1
446;Willey Hopebreaker;Balnazzar took great pleasure in leveraging the cannon master Willey's destructive capabilities in undeath, calling his prized minion by the name of Hopebreaker. The dreadlord relishes that he has twisted Willey and other Scarlet Crusaders--who so despised the undead in life--into his unwitting pawns.;0.04282420128583908,0.5099999904632568;236;475;5;4805;317;0;0;-1
447;Guardian of the Deep;Underneath the cursed Moonshrine Ruins, ancient creatures battle for territory. Old Serra'kis was driven from the ruins by The Guardian of the Deep who was seeking new spawning grounds. Now, the Guardian watches over thousands of eggs until they can hatch, and spread throughout the waterways of Azeroth.;0.5865669846534729,0.30895501375198364;227;1676;5;9502;223;0;0;-1
448;Instructor Galford;Galford once took great pride in caring for the Crusade's most valued documents. However, as he lay dying, he watched in horror as his precious tomes were burnt around him. Balnazzar used this painful memory to imbue his servant with the fiery power that ravaged Galford in life.;0.2723329961299896,0.75;236;477;6;4808;317;0;0;-1
449;Balnazzar;Balnazzar has never tasted true death, but he has suffered bitter defeat. After the Cataclysm rocked the world, he slaughtered the Scarlet Crusaders in Stratholme and transformed them into the undead creatures they once hated. The dreadlord now plots his machinations for vengeance upon Azeroth.;0.2049179971218109,0.8180000185966492;236;478;7;4828;317;0;0;-1
450;The Unforgiven;Lylia was a blade of righteousness among her people. After Arthas commanded his forces to purge the city, her sanity was ripped apart from seeing countless innocents die by her hand. She fell on her sword to escape the madness around her, and she now exists as a spectral being forever denied absolution for her heinous acts.;0.7349730134010315,0.20399999618530273;236;472;1;4833;317;0;0;-1
451;Baroness Anastari;While she lived, Anastari took what she wanted, no matter the cost. Death has done little to change that. Her soul ripped from her body, Anastari became a banshee, and she has abandoned her love of material trinkets in favor of possessions of a far more sinister kind.;0.7459020018577576,0.4692620038986206;1292;479;0;4841;318;0;0;-1
452;Nerub'enkan;Nerub'enkan was a fearsome warrior during the War of the Spider. Ultimately, she succumbed to her wounds and was raised into undeath as an obedient minion of the Scourge. Now the nerubian guards a ziggurat in Stratholme as fiercely as she defended her home in life.;0.5724040269851685,0.46106499433517456;1292;480;1;4845;318;0;0;-1
453;Maleki the Pallid;Maleki was among the first to join the Cult of the Damned, showing tremendous aptitude in harnessing the chill of the grave. Driven by an insatiable desire for power, the mage fervently hones his skills in dark magic to prepare for when he will be remade as a lich.;0.6748639941215515,0.22745899856090546;1292;481;3;4851;318;0;0;-1
454;Magistrate Barthilas;Barthilas was among those innocents purged by Arthas and his forces during the Culling of Stratholme. The Lich King eventually raised the former magistrate from the grave and commanded the hulking undead monstrosity to guard his ruined home.;0.5669400095939636,0.16188499331474304;1292;482;4;4855;318;0;0;-1
455;Ramstein the Gorger;Ramstein is one of the Scourge's most infamous abominations, a horror stitched together from numerous corpses and empowered by a ceaseless hunger. This monster committed unspeakable atrocities on countless innocent souls when Scourge forces overran Stratholme.;0.4562839865684509,0.19877099990844727;1292;483;5;4859;318;0;0;-1
456;Lord Aurius Rivendare;Aurius's fall from grace was precipitous. Failing to exact retribution from his corrupted father, Baron Rivendare, the former paladin was not granted peace in death. He was tragically reforged into an instrument of the Scourge, the evil he had once sworn to defeat.;0.3866119980812073,0.20081999897956848;1292;484;7;4862;318;0;0;-1
457;Avatar of Hakkar;Hakkar was notorious for demanding sacrifices from his followers. Many millennia ago, he instructed the Atal'ai to bring forth his avatar, using blood ritually drained from living victims to feed him. The Atal'ai priests now seek to raise Hakkar's avatar with a modified version of this ritual, one that involves sacrificing green dragons. If the Atal'ai succeed, the re-emergence of Hakkar's avatar could spell doom for Azeroth.;0.24316899478435516,0.45901599526405334;237;492;1;4903;220;0;0;-1
458;Jammal'an the Prophet;Jammal'an is the current leader of the Atal'ai, the extremist sect of priests who fanatically worship Hakkar. While in deep meditation, Jammal'an received instructions on how to resurrect Hakkar by using the blood of his draconic foes, the green dragonflight. Jammal'an and his undead bodyguard Ogom the Wretched stand ready to oppose any who would prevent Hakkar's return, though the prophet's actions may unleash upon Azeroth an even more terrible force: the Emerald Nightmare.;0.7609289884567261,0.45901599526405334;237;488;2;4934;220;0;0;-1
459;Wardens of the Dream;Four promising young drakes accompanied Eranikus into the Temple of Atal'Hakkar, eager to prove themselves by serving a great and powerful wyrm. One by one, they were captured and tainted by the Emerald Nightmare, and they now wander the halls of the Sunken Temple, lashing out at all who intrude upon their waking dream.;0.49915099143981934,0.8703089952468872;237;0;3;6114;220;0;0;-1
463;Shade of Eranikus;Eranikus, former consort to Ysera the Dreamer, was sent to guard the ruins of Atal'Hakkar and prevent Hakkar's emergence. Once within the temple, he and his retinue were corrupted by its dark forces, and he became a shade, pulled between the realms of the Emerald Dream and the physical plane. Despite his corruption, Eranikus may still call upon his powers as a green dragon to spew corrosive acid at his enemies or trap them in a deep slumber.;0.6707649827003479,0.8770490288734436;237;493;7;4950;220;0;0;-1
464;Hogger;"Convict #SC55: Hogger

Charges: Too many to list here

Imprisoning the Riverpaw leader has come at a high cost, including the partial blinding of the warden. Fearing that Hogger might escape, Thelwater has authorized the gnoll's termination with extreme prejudice.";0.2185789942741394,0.2622950077056885;238;1144;1;4811;225;0;0;-1
465;Lord Overheat;"Convict #NA: Lord Overheat

Charges: Homicide (multiple counts)

The natural disasters wrought by the Cataclysm caused elementals to erupt into the prison complex, slaughtering half of the inmates upon arrival. Removing these incensed threats is imperative to restoring order to the stockade.";0.7841529846191406,0.4528689980506897;238;1145;2;4814;225;0;0;-1
466;Randolph Moloch;"Convict #AC317: Randolph Moloch

Charges: Embezzlement, fraud, theft, and homicide

Moloch has been identified as the ringleader of the prison revolt. Given his connections to the House of Nobles, however, the use of lethal force to subdue this convict is not authorized.";0.4972679913043976,0.2213120013475418;238;1146;3;4817;225;0;0;-1
467;Revelosh;Some luminaries in Ironforge's prestigious Explorers' League have theorized an ancestral link between their people and the troggs, and pointed towards the troggs' hoarding of titan artifacts as a reflection of the dwarves' own reverence for such wondrous devices. If that is true, the trogg known as Revelosh can be considered the trogg equivalent of an archaeologist, although any historically minded adventurers who encounter him would be more inclined to call him a thief.;0.5341529846191406,0.725409984588623;239;547;1;4820;230;0;0;-1
468;The Lost Dwarves;"Seeking fame and, more importantly, fortune, the three brothers Eric, Olaf, and Baelog took on a contract from the Explorers' League to delve deep into the halls of Uldaman and clear a path for a group of researchers. For these three dwarves, however, ""clearing a path"" unfortunately entailed ""getting hopelessly lost in an ancient labyrinth."" Proud dwarves to the end, they fight to prevent the secrets of Uldaman and the Explorers' League from falling into the hands of the Horde.";0.5846989750862122,0.9200819730758667;239;548;2;4869;230;0;8;-1
469;Ironaya;The titans did not construct the Uldaman complex directly, but utilized various servants to create its megalithic halls. The Pantheon entrusted the watcher Ironaya with overseeing the construction and maintenance of Uldaman, but as time passed, the once awe-inspiring vault fell to ruin. Within the map chamber, Ironaya has spent millennia in a form of stasis, analyzing the original master plan drawn up by Khaz'goroth and attempting to find a way to restore the complex to its original functionality.;0.3729510009288788,0.7397540211677551;239;549;3;4876;230;0;0;-1
470;Ancient Stone Keeper;One of many golems that staffed and operated the great titan vault, the Ancient Stone Keeper was part of a small group that served as an intermediary between the watchers left in control of the facility and their many servants. With the corruption of the Obsidian Sentinel, the Ancient Stone Keeper is the last of its kind, performing its duty by protecting the secrets of the titans as best it can until its inevitable shutdown.;0.47541001439094543,0.4405739903450012;239;551;5;4879;230;0;0;-1
471;Galgann Firehammer;Reacting to the discovery of Uldaman by Bronzebeard dwarves, the Dark Iron clan mounted an invasion of the vault to stop their ancestral foes from accessing the powerful artifacts within. Galgann Firehammer, a senator from Shadowforge City, was sent to oversee the continued excavation of Uldaman so that the emperor may harness the artifacts' destructive potential against the Dark Irons' enemies.;0.2677600085735321,0.3278689980506897;239;552;6;4880;230;0;0;-1
472;Grimlok;In trogg society, the biggest, strongest, and most vicious trogg often becomes chieftain through displays of power. Grimlok is a comparative genius in that he has maintained control of the Stonevault troggs through intimidation and what might be considered crude psychological warfare. Having trained a deadly basilisk, Grimlok uses the threat of petrification by his beast to keep any would-be usurpers in line.;0.2199449986219406,0.25614801049232483;239;553;7;4886;230;0;0;-1
473;Archaedas;Deep within Uldaman is a chamber containing one of the greatest treasures of the titans, created by Norgannon himself. However, thus far no explorers have managed to gain access to the relic, for any attempt at doing so activates the great watcher Archaedas, an immense guardian who easily dispatches treasure seekers through his powerful attacks and a veritable army of servants. Crafted from some of the oldest, strongest stone taken from Uldaman's depths, Archaedas is a foe as formidable as he is ancient.;0.5532789826393127,0.5040979981422424;239;554;8;4894;231;0;0;-1
474;Lady Anacondra;Scarletleaf was the first to volunteer for Naralex's self-appointed mission to the Barrens. After her master's nightmare shattered her mind, the young acolyte cast aside her name, now envisioning a sinister reptilian future for Azeroth.;0.30601099133491516,0.43032801151275635;240;585;1;4954;279;0;0;-1
475;Lord Cobrahn;Jarlaxla's skill at harnessing animal forms earned him renown among the druids of the Cenarion Circle. However, the Wailing Caverns' corruption twisted his unique abilities. Now, Jarlaxla has perfected a deadly serpentine form, renaming himself Cobrahn to reflect his vicious newfound power.;0.16666699945926666,0.5676230192184448;240;586;3;4958;279;0;0;-1
476;Lord Pythas;A childhood friend of Naralex, the warrior Aryn was a quick study in druidism. Despite his training, the acolyte was defenseless against the corruption that would strip away his sanity. Aryn has taken on the name Pythas, combining his impressive melee prowess with his druidic arsenal to vanquish intruders.;0.19125699996948242,0.39549198746681213;240;588;2;4965;279;0;0;-1
477;Kresh;"An ancient resident of the Wailing Caverns, this giant turtle wanders the underground caves, his resilient mind unaffected by Naralex's relentless nightmares. Don't be fooled by his happy disposition; Kresh has thwarted many adventurers who longed to steal his massive shell.";0.38524600863456726,0.3606559932231903;240;587;4;4969;279;0;0;-1
478;Skum;Skum first journeyed to the Wailing Caverns for relief from the Barrens' hostile environment. Like many of the caves' other inhabitants, he quickly succumbed to corruption. His veins now pulse with dark energies that have transformed him into a mighty and ruthless beast beyond redemption.;0.6229509711265564,0.743852972984314;240;589;5;4970;279;0;0;-1
479;Lord Serpentis;"The Druids of the Fang's leader was once Naralex's finest student. His tragic downfall stemmed from his desire to become a shan'do, or ""honored teacher,"" like Naralex. As insanity took root, Serpentis rallied his brethren to his side and formed the Druids of the Fang.";0.6161199808120728,0.5389350056648254;240;590;6;4971;279;0;0;-1
480;Verdan the Everliving;Little is known about this creature prior to Naralex's arrival at the Wailing Caverns. Thought to be the caves' original guardian, Verdan the Everliving could not escape the corruption that befell its home. Verdan is allied with the insane druids and maintains its vigil against those who trespass into its domain.;0.5546450018882751,0.4651640057563782;240;591;7;4974;279;0;0;-1
481;Mutanus the Devourer;From the darkest corners of Naralex's twisted mind, the corruption plaguing the Emerald Dream has manifested in the form of the druid's worst enemy: murlocs. The aberration known as Mutanus has come to the waking world to devour any who seek to liberate Naralex from the Nightmare's clutches.;0.3456279933452606,0.13729499280452728;240;592;8;4975;279;0;0;-1
482;Hydromancer Velratha;Unlike most of the Sandfury trolls, Hydromancer Velratha has traveled the world, collecting knowledge and artifacts to help her command Zul'Farrak's sacred waters. Although the hydromancer's actions have earned her many enemies abroad, she sees the incredible power at her command as justification for her past misdeeds.;0.3286939859390259,0.38115599751472473;241;593;1;4978;219;0;0;-1
483;Gahz'rilla;Legend has it that Gahz'rilla was an adored pet of the Old Gods, or even a demigod in her own right. Whatever the truth is, the Sandfury trolls have worshiped this monstrous hydra for thousands of years. Ever wary of the beast's icy wrath, the trolls will only rouse Gahz'rilla when they have plentiful sacrifices to sate the ravenous creature's appetite.;0.28094199299812317,0.3827829957008362;241;594;4;4981;219;0;0;-1
484;Antu'sul;Antu'sul prefers his sul'lithuz basilisks strong and ruthless. He treats these scaled beasts like family, and he is known to strike down anyone--even fellow trolls--who harm his precious children. Rather than give his opponents a proper burial, Antu'sul allows the basilisks to feast on whoever dares cross him.;0.6461750268936157,0.27663901448249817;241;595;1;4986;219;0;0;-1
485;Theka the Martyr;Long ago, the martyr Theka was slain in the brutal war between the qiraji and the trolls. Zul'Farrak still stands because of his brave sacrifice. Even in death he maintains a vigil over his beloved city, and it is said that the dozens of insectoid warriors who killed him were cursed to live as mindless scarabs, scuttling at the martyr's side.;0.5314210057258606,0.2622950077056885;241;596;0;5005;219;0;0;-1
486;Witch Doctor Zum'rah;The powerful loa Bwonsamdi watches over the spirits of the Darkspear trolls, but many of the Sandfury tribe's fallen members are offered no such protection after death. These tortured spirits obey Zum'rah, a cruel witch doctor who uses his dark magic to force the city's dead into unending service.;0.44262298941612244,0.17622999846935272;241;597;2;5011;219;0;0;-1
487;Nekrum & Sezz'ziz;Nekrum Gutchewer has mysteriously lived well past his natural life, but his decaying body remains strong enough to aid Sezz'ziz. Together, these two trolls have gathered sacrifices to the mythic beast Gahz'rilla, who slumbers at the city's heart. Many troll followers eagerly await the terrifying creature's awakening, and they will do anything to see the ritual through.;0.2964479923248291,0.17418000102043152;241;598;5;5019;219;0;0;-1
489;Chief Ukorz Sandscalp;Chief Ukorz Sandscalp is obsessed with restoring his tribe to its former glory. He was raised on stories of a time when trolls lorded over their ancient lands without interference from goblins, gnomes, pirates, ogres, and other foreign interlopers. Sandscalp has called on his trusted comrade Ruuzlu to help him begin a new chapter in Sandfury history in the only way their tribe knows how: with swift and blinding violence.;0.4221310019493103,0.3299179971218109;241;600;8;29888;219;0;0;-1
523;Shirrak the Dead Watcher;Shirrak was constructed by Exarch Maladaar to guard over the fallen draenei spirits who wander the Auchenai Crypts. A necrotic mass of eyes, teeth, and tentacles, this undead construct absorbs arcane energy with hungry abandon, and will not suffer the living to pass.;0.46311500668525696,0.6803269982337952;247;1890;1;5038;257;0;0;-1
524;Exarch Maladaar;The sole living remnant of the glory that once strode the halls of Auchenai, Maladaar has been driven mad by the loss of everyone and everything he ever loved. His lunatic dedication to the preservation of their memory has driven him to a mastery of the dark arts.;0.7390710115432739,0.5081959962844849;247;1889;2;5042;257;0;0;-1
527;Watchkeeper Gargolmar;Reviled amongst the denizens of Outland, Gargolmar is known to eat the hearts of those he catches near the Hellfire Citadel whether they were trying to enter or not. Charged by Kargath Bladefist himself with the defense of the ramparts, Watchkeeper Gargolmar is unflinching in his duty.;0.7295079827308655,0.31352499127388;248;1893;1;5049;347;0;0;-1
528;Omor the Unscarred;Omor the Unscarred was a disciple of Hakkar the Houndmaster, and took charge of the legendary warrior's remaining felhounds  after his master's defeat during the War of the Ancients. Since that time, Omor has never been defeated in single combat.  The venerable demon is Illidan's envoy to the fel orcs of Hellfire Citadel.;0.3907099962234497,0.2049179971218109;248;1891;2;5057;347;0;0;-1
529;Vazruden the Herald;Vazruden guards the vital line of supplies, messages, and forces flowing between Hellfire Citidel and the Black Temple.  Astride his magnificent nether drake Nazan, Vazruden presents an unstoppable aerial force of fire, claws, and shrieking terror.;0.3551909923553467,0.8278689980506897;248;1892;3;5064;347;0;0;-1
530;Selin Fireheart;Once a respected captain of Kael'Thas Sunstrider's personal guard, Selin Fireheart has maintained an unswervingly fierce loyalty to his lord while losing his sanity. Selin has been seduced by the demonic energies of the crystals which surround his chamber, and cannot stop from reveling in their vile power. He will slay any who dare approach the Magisters' Terrace and will drink the magic, life, and blood from their dead bodies.;0.4248639941215515,0.22336100041866302;249;1897;1;5078;349;0;0;-1
531;Vexallus;An arcane elemental of unimaginable power, Vexallus was summoned to the Magisters' Terrace by a trio of blood elves who were slain by the force of his arrival. The magical energy in the surrounding crystals resonates within Vexallus, and his being is in a constant state of explosive chaotic flux.;0.8346999883651733,0.2643440067768097;249;1898;2;5082;349;0;0;-1
532;Priestess Delrissa;Delrissa is a shivarra priestess acting under the demon lord Kil'jaeden. It is Delrissa who revived Kael'thas Sunstrider after he was heavily wounded in an attack on Tempest Keep, and she has stayed in the blood elf lord's presence ever since. The priestess has a militant circle of loyal acolytes who serve her and will defend her at all cost.;0.39754098653793335,0.5573769807815552;249;1895;3;29984;348;0;0;-1
533;Kael'thas Sunstrider;Once a true champion to the blood elf people, and a defender of the race's ancient heritage, Kael'thas Sunstrider has fallen prey to the dark influences of the demon Kil'jaeden while sojourning in Outland. At the bidding of his new master, the wayward prince returned to Azeroth and seized the Sunwell, hoping to use the fount as a means to open a doorway for the demon to this new and verdant world. Kael'thas is a brilliant tactician, a powerful warrior, and his veins burn with limitless fel magic.;0.08606559783220291,0.5020490288734436;249;1894;4;5166;348;0;0;-1
534;Pandemonius;This infamous Void Lord is also known as the Duke of Chaos, the Eater of Nations, and Worldslayer. Pandemonius was one of the commanders serving under Dimensius when the ethereal homeworld of K'aresh was destroyed. He was later bound by Nexus-Prince Shaffar and forced to continue sating his unending hunger in service to the ethereals.;0.47950801253318787,0.2971310019493103;250;1900;1;5188;272;0;0;-1
535;Tavarok;Under the command of Kael'thas Sunstrider, Pathaleon the Calculator summoned a powerful colossus to gather the arcane energies flowing from beneath the Mana Tombs. Tavarok has unexpectedly been transformed by the unique emanations, losing the red-tinged corruption of Pathaleon's influence. The white colossus has gained his own free will and uses it to greedily consume all who would stand in his way.;0.6092889904975891,0.7418040037155151;250;1901;2;5191;272;0;0;-1
536;Yor;"A ""gift"" from Illidan Stormrage to accompany Nexus-Prince Shaffar, Yor is a void hound of unlimited savagery and power.  The prince's advisors warned him that Illidan's demonic gift was most likely a ruse set to betray Shaffar once he had met his goals. The prince fed those advisors to Yor... but has since kept the hound in a stasis chamber, just in case.";0.3565570116043091,0.6086069941520691;250;250;3;5194;272;0;2;2
537;Nexus-Prince Shaffar;Convinced that vast riches lay within the depths of the Mana Tombs, Nexus-Prince Shaffar has spent untold amounts of his own considerable fortune to move an army into the shadowed halls of this crumbling ruin, and to keep competing ethereals out. The prince's greed knows no bounds, and he has vowed to uncover the mysteries of the Mana Tombs or die trying.;0.3237699866294861,0.49180299043655396;250;1899;4;5196;272;0;0;-1
538;Lieutenant Drake;Lieutenant Drake was an ambitious military man, with his eyes set upon the glory of command during the Second War. His ambition was only matched by his hatred for the green-skinned orcs who had slain so many of his companions, a hatred which took form in his cruel treatment of the prisoners in the internment camps of Durnholde Keep.;0.7540979981422424,0.6618850231170654;251;1905;1;5205;274;0;0;-1
539;Captain Skarloc;"Fiercely loyal to Aedelas Blackmoore, Captain Skarloc rose through the ranks of the Durnholde military alongside his friend Aliden Perenolde.  When Aliden decided to take up operations in the Alterac Mountains, Skarloc stayed with his Lord and mentor. He became Aedelas's most trusted comrade and advisor, earning the title ""Blackmoore's Spear.""";0.6912569999694824,0.6967210173606873;251;1907;2;5210;274;0;0;-1
540;Epoch Hunter;The mysteriously-named Epoch Hunter is an assassin from the infinite dragonflight sent to alter the course of history by killing Thrall before he can escape from Durnholde. The shadowy drake has slain countless beings in service of his cause, but this will be his most important kill. He will summon every ounce of his strength, power, subtlety, and cunning to bring about the end of this timeline.;0.508197009563446,0.31967198848724365;251;1906;3;5225;274;0;0;-1
541;Darkweaver Syth;Darkweaver Syth is charged by the Talon King Ikiss to defend the Sethekk Halls while the renegade arakkoa search for their enigmatic god. A master of shadowy magic, this wizened trickster has learned how to bend the very elements to his sway.;0.4877049922943115,0.6803280115127563;252;1903;1;5230;258;0;0;-1
542;Anzu;A mysterious avian deity worshipped by some of the more savage arakkoa, Anzu is a being whose origins and powers are unlike any other member of Outland's fallen pantheon. The Naaru are silent regarding this malevolent creature, for Anzu's ways are hidden from even them.;0.3265030086040497,0.5450819730758667;252;1904;2;5248;259;0;2;2
543;Talon King Ikiss;"Talon King Ikiss was the charismatic spiritual leader of the daring group of arakkoa which left their home in the Terokkar forest in search of a ""promised god."" He had received dreams of this god as he slept, and knew that revelation lay within the crumbling halls of Auchindoun. Ikiss was driven insane by the visions, and now declares himself to be Terokk reborn, a divine hero from arakkoa myth.";0.3265030086040497,0.27663901448249817;252;1902;3;5256;259;0;0;-1
544;Ambassador Hellmaw;A powerful demonic servant and acolyte of pain, Ambassador Hellmaw is dedicated to the art of death. He loves nothing more than the taste of a mortal's lifeblood tinged with horror and despair.  Hellmaw is bound by the fel orcs of the Shadow Labyrinth and fed a constant stream of prisoners, bolstering the demon to serve the black will of his masters.;0.2185789942741394,0.39549198746681213;253;1908;1;5261;260;0;0;-1
545;Blackheart the Inciter;When the orcish Horde first invaded Azeroth through the Dark Portal, two Shadow Council members instead turned their attentions to the ancient draenei burial grounds of Auchindoun. The unquiet spirits in the area proved to be excellent subjects for the warlock Blackheart to perfect his mind control abilities.;0.2677600085735321,0.7049180269241333;253;1909;2;5263;260;0;0;-1
546;Grandmaster Vorpil;In the early days of the Horde, Grandmaster Vorpil convinced the orc warlock Gul'dan to allow him to investigate the mysteries of Auchindoun, secretly desiring to harness the energy of the frighteningly powerful cosmic essences that permeated the area.;0.5314210057258606,0.5409830212593079;253;1911;3;5266;260;0;0;-1
547;Murmur;"""In the beginning""... ""So far away""... such phrases cannot begin to describe this elemental's origin. Its existence heralds pure destruction. Worlds shatter and the pieces scatter at its whim. Only the truly mad would think to summon it. Perhaps there is yet time to banish Murmur before it fully enters Outland.";0.8087430000305176,0.3913930058479309;253;1910;4;5272;260;0;0;-1
548;Zereketh the Unbound;Most creatures from the Twisting Nether require constant directions from their masters, but a select few voidwraiths need no such orders. Zereketh stands at the entrance to Arcatraz, ready to slay all who would dare challenge him.;0.5928959846496582,0.24385300278663635;254;1916;1;5279;269;0;0;-1
549;Dalliah the Doomsayer;Before she was imprisoned by the naaru, Dalliah was one of the most vicious and aggressive warriors within the Burning Legion. Spending so much time as a cellmate to Wrath-Scryer Soccothrates did not improve her disposition either.;0.3633880019187927,0.782787024974823;254;1913;2;5283;270;0;0;-1
550;Wrath-Scryer Soccothrates;Millennia ago, Soccothrates held a position of honor among the Wrathguards, standing at the side of the Burning Legion's top commanders. Confinement did not suit his considerable ego. Neither did his cellmate.;0.19945399463176727,0.7868850231170654;254;1915;3;5291;270;0;0;-1
551;Harbinger Skyriss;The naaru believed the persuasive voice of Harbinger Skyriss was silenced when they contained him and forced him into a long, dreamless sleep. The unfortunate warden of Arcatraz learned the naaru were wrong. Skyriss had just enough energy to speak to Warden Mellichar in a still, small voice. Time took care of the rest.;0.6161199808120728,0.30737701058387756;254;1914;4;5298;271;0;0;-1
552;Chrono Lord Deja;The Infinite Dragonflight tempted many drakonid with promises of power, but most found only servitude and despair. One of the few exceptions is Chrono Lord Deja, who gained influence within the flight through his raw power and cunning.;0.4508199989795685,0.6209009885787964;255;1920;1;5336;273;0;0;-1
553;Temporus;Although relatively young, Temporus was instrumental in identifying many of the Infinite Dragonflight's prime targets.  As a reward, he was given the responsibility of destroying anyone who might attempt to interfere with the dragonflight's plans.;0.5491799712181091,0.618852972984314;255;1921;2;5340;273;0;0;-1
554;Aeonus;Powerful and wild, Aeonus was tasked by the Master of the Infinite Dragonflight to personally oversee the disruption of key moments in the true timeway.;0.4808740019798279,0.7459020018577576;255;1919;3;5344;273;0;0;-1
555;The Maker;All creatures who use the power of fel magic, willingly or otherwise, slowly take on the appearance of demons. The Maker accelerates their corruption and performs cruel experiments on any who attempt to resist.;0.3866119980812073,0.41803300380706787;256;1922;1;5356;261;0;0;-1
556;Broggok;Some creatures occasionally have second thoughts about their allegiance to their new, corrupt masters. Broggok ensures that any subversive notions among the fel orcs are permanently eradicated.;0.4330599904060364,0.2192620038986206;256;1924;2;5367;261;0;0;-1
557;Keli'dan the Breaker;"When Illidan overthrew the pit lord Magtheridon and took control of Outland, he had the demonic leader imprisoned beneath the Hellfire Citadel. Only the most stalwart among Illidan's forces could ever hope to keep him contained; the ruthless orc, Keli'dan, was the only possible choice.";0.5833330154418945,0.41188499331474304;256;1923;3;5382;261;0;0;-1
558;Commander Sarannis;When the fallen blood elf leader, Kael'thas, seized control of the Tempest Keep, he immediately ordered Commander Sarannis to prepare defenses against whomever the naaru might send to reclaim the keep.;0.44262298941612244,0.2336069941520691;257;1925;1;5401;266;0;0;-1
559;High Botanist Freywinn;Mere minutes after entering the Botanica, Freywinn began conducting reckless experiments in order to unlock the power hidden among the native plant life of Outland.;0.24180300533771515,0.22745899856090546;257;1926;2;5418;266;0;0;-1
560;Thorngrin the Tender;Experiments require resources. Thorngrin the Tender makes sure that Kael'thas's botanists have the power and essence they need to reveal the naaru's secrets, even if that means untold numbers of living creatures must be sacrificed to obtain it.;0.07377039641141891,0.4815570116043091;257;1928;3;5460;266;0;0;-1
561;Laj;The naaru gathered samples of unusual wildlife from across Outland. Their safeguards were destroyed when the Botanica was invaded, leaving some of the most dangerous specimens free to roam.;0.3401640057563782,0.8627060055732727;257;1927;4;5463;266;0;0;-1
562;Warp Splinter;The night elves of Darnassus have asked for help in restoring an Ancient of the Arcane, who found itself trapped in Tempest Keep. Frightened by the recent attack by Kael'thas Sunstrider's forces, the Warp Splinter is unable to differentiate friend from foe and is liable to attack any who disturb it.;0.3428960144519806,0.36885300278663635;257;1929;5;5476;266;0;0;-1
563;Mechano-Lord Capacitus;It takes a tremendous amount of skill and precision to harvest the power of the naaru's manacells. These talents can easily be turned upon any intruders.;0.5136610269546509,0.3155739903450012;258;1932;1;5479;267;0;0;-1
564;Nethermancer Sepethrea;Thanks to her skills at quickly summoning creatures to destroy any enemies, Sepethrea was chosen as an apprentice to Pathaleon the Calculator, the blood elf in charge of the Mechanar.;0.47814199328422546,0.2028689980506897;258;1930;2;5484;268;0;0;-1
565;Pathaleon the Calculator;Following the Sunwell's defilement, the vainglorious arcanist Pathaleon saw an opportunity to gain renown by aiding Kael'thas in finding a cure for his race's addiction to magic. This single-minded quest led him to join the blood elf prince on Outland and oversee his disastrous experiments. Most recently, Pathaleon has begun harnessing the Tempest Keep's otherworldly technologies in pursuit of fame and power.;0.27185800671577454,0.6106560230255127;258;1931;3;5489;268;0;0;-1
566;Grand Warlock Nethekurse;Nethekurse, once a shaman of the Shadowmoon clan, abandoned his reverence for the elements to master the art of wielding fel magic. The demonic energies at his command have left him a husk who finds delight only in torturing young fel orcs to test the limits of their mental and physical strength.;0.33333298563957214,0.6209020018577576;259;1936;1;5497;246;0;0;-1
568;Warbringer O'mrogg;The ruthless and cunning ogre O'mrogg is considered one of the Fel Horde's deadliest members. But this feared brute has a problem. The ogre's two heads have always struggled to agree on even the simplest matters. Two years ago, O'mrogg began a twelve-step plan to develop a synergy between his warring personalities. His heads have yet to decide on which step to start with.;0.5423499941825867,0.3422130048274994;259;1937;3;5893;246;0;0;-1
569;Warchief Kargath Bladefist;Chieftain of the Shattered Hand clan and warchief of the Fel Horde, Kargath is one of the greatest orcish heroes in recent memory. Over the years, he has severed both of his hands and replaced them with weapons of war, a bloody ritual unique to his clan. The joy he derives from inflicting pain on both others and himself is legendary among the orcs. As the Fel Horde's tyrannical ruler, he has channeled his ruthlessness and ferocity into forging an unstoppable army within the iron walls of Hellfire Citadel.;0.6734970211982727,0.5450819730758667;259;1938;4;5898;246;0;0;-1
570;Mennu the Betrayer;Mennu is one of the Broken, draenei twisted and deformed by demonic energies unleashed by the orcs. When the naga invaded Zangarmarsh, many of these tragic beings desperately attempted to escape the region. Mennu, however, chose a different path to freedom. In exchange for his own life, he betrayed his fellow Broken to the serpentine invaders and agreed to lord over his kin as a slave driver.;0.49043700098991394,0.27049198746681213;260;1939;1;5902;265;0;0;-1
571;Rokmar the Crackler;Following Draenor's destruction, Rokmar fled into the depths of Zangarmarsh. The energies that had torn the world apart enveloped the behemoth, bolstering its strength and size at the price of constant agony. The naga were awed by Rokmar's ferocity when they first arrived in the region. Rather than kill the beast, they enslaved it and used the creature to subjugate much of Zangarmarsh's indigenous life.;0.5806009769439697,0.4057379961013794;260;1941;2;5907;265;0;0;-1
572;Quagmirran;Quagmirran was once a ruler of Zangarmarsh's immense fungal giants. He was captured by the naga while wandering the region's serpentine caverns and subjected to excruciating torture. Now this broken being serves his overlords without question, silencing all who oppose the will of Lady Vashj.;0.821038007736206,0.7684419751167297;260;1940;3;5977;265;0;0;-1
573;Hydromancer Thespia;At the height of the night elf empire, the Highborne Thespia delighted in art and music. Her love of these things vanished during the Great Sundering, when she and many of her kin were sucked into Azeroth's deeps and transformed into hateful naga. In the millennia that followed, Thespia remained a close confidant of her childhood friend, Lady Vashj. Without hesitation, she journeyed with her comrade to Zangarmarsh and vowed to oversee the naga's quest to drain the region's water supply.;0.5423499941825867,0.13729499280452728;261;1942;1;5982;263;0;0;-1
574;Mekgineer Steamrigger;The irradiation of Gnomeregan transformed many of the city's survivors into leper gnomes. Among these victims was the brilliant Mekgineer Steamrigger. Although he escaped Gnomeregan and retained his intellect, whatever ethics and compassion he had once possessed were gone. He wandered Azeroth, selling his knowledge to a number of unscrupulous groups such as the Bloodsail Buccaneers. Recently, the naga hired Steamrigger to operate the intricate machinery in Zangarmarsh's Steamvault.;0.3415299952030182,0.8196719884872437;261;1943;2;5996;263;0;0;-1
575;Warlord Kalithresh;Deep within the Steamvault, the naga have begun experimenting with a mysterious substance to strengthen their warriors and purge them of fear. Kalithresh was one of Lady Vashj's first servants to volunteer as a test subject for this dark elixir. As reward, he has been charged with guarding the expansive Steamvault and ensuring the region's arcane machinery operates without interruption.;0.7595630288124084,0.43647500872612;261;1944;3;6001;263;0;0;-1
576;Hungarfen;Unlike his ally, Quagmirran, the great fungal giant Hungarfen has thus far eluded enslavement by the naga. Nonetheless, he remains aggressive to all outsiders who tread into the deepest caverns of Zangarmarsh. Oblivious to the naga's machinations in other parts of the region, Hungarfen spends much of his time tending the Underspore, an ancient plant said to be his most prized possession.;0.6939889788627625,0.899590015411377;262;1946;1;6006;262;0;0;-1
577;Ghaz'an;Historians have long disagreed about whether the immense hydras of Azeroth and Outland share a common ancestor. What is clear, however, is that these ruthless creatures have existed on both realms since ancient times. Ghaz'an is one of the most infamous and fearsome hydras on Outland. Under the control of Lady Vashj, this ravenous fiend has stormed the lower reaches of Zangarmarsh to terrorize the region's denizens.;0.7868850231170654,0.28893500566482544;262;1945;2;6009;262;0;0;-1
578;Swamplord Musel'ek;To be one of the Broken is to be an outcast. This truth weighs heavy on Swamplord Musel'ek. Although he is a member of the Murkblood Broken, he prefers to roam the caverns beneath Zangarmarsh alone. During one of these recent wanderings, he used his mastery over beasts to enthrall Windcaller Claw, a druid who had been exploring the area in the form of a ferocious bear. Musel'ek has forced Claw to act as a loyal companion who will not judge him for the twisted being he has become.;0.41530001163482666,0.24180300533771515;262;1947;3;6013;262;0;0;-1
579;The Black Stalker;The marsh walkers of Outland are towering creatures that prowl the wilds, feasting on any lesser creatures they come across. The sporelings of Zangarmarsh tell tales concerning one of these predators, a particularly ruthless beast known as the Black Stalker. Broodmother to all marsh walkers, it is said she emerges from her lair deep in the Underbog only to satisfy her hunger for delicious sporelings.;0.24726800620555878,0.45696699619293213;262;1948;4;6036;262;0;0;-1
580;Elder Nadox;Nadox was once a venerated nerubian leader who taught the ancient ways of his race to generations of broods. When the War of the Spider ravaged Azjol-Nerub, he was overcome by legions of undead. The Lich King reanimated his corpse and bled everything wise and noble from Nadox, forcing him to slaughter his students, friends, and all other nerubians who opposed the might of the Scourge.;0.6967210173606873,0.27049198746681213;271;1969;1;6041;132;0;0;-1
581;Prince Taldaram;After Kael'thas's failed assault against the Lich King, some of his greatest blood elf followers were slaughtered and raised into undeath as darkfallen. Prince Taldaram is one of these cunning and bloodthirsty vampiric beings. Always seeking to please the Lich King, he has entered the war-torn depths of Ahn'kahet in search of lost nerubian relics that can empower the Scourge's murderous ranks.;0.631147027015686,0.4959009885787964;271;1966;2;6050;132;0;0;-1
582;Jedoga Shadowseeker;Jedoga dreams of apocalypse. She is rumored to be one of the most fanatical adherents of the Twilight's Hammer. Under the guidance of the ruthless ogre mage Cho'gall, she learned to twist her shamanic powers to serve the Old Gods. Not long ago, Jedoga journeyed into the bowels of Ahn'kahet to prepare for the glorious day when Yogg-Saron will arise and envelop the lands of Azeroth in shadow.;0.4822399914264679,0.725409984588623;271;1967;3;6055;132;0;0;-1
583;Amanitar;For ages, fungi and other benign forms of life have thrived in Ahn'kahet's damp sun-starved caverns. Only recently has Yogg-Saron spread its oppressive will into this isolated ecosystem. The Old God used its immense corruptive powers to warp one of Ahn'kahet's native beasts into a monstrous creature known as Amanitar, an unthinking terror bristling with the destructive energies of its master.;0.6721310019493103,0.7868850231170654;271;1989;4;6060;132;0;2;2
584;Herald Volazj;Amid the Scourge's invasion of Azjol-Nerub, many of the kingdom's denizens tunneled underground to escape the Lich King's minions. Yet some of them dug too deep, exposing the tendrils of Yogg-Saron. Roused by this disturbance, the entity has sent one of its most ancient warriors - Herald Volazj - to cull the beleaguered nerubians and annihilate anyone foolish enough to threaten the Old God.;0.2363390028476715,0.5040979981422424;271;1968;5;6067;132;0;0;-1
585;Krik'thir the Gatewatcher;The gates of Azjol-Nerub stood unchallenged for centuries until the arrival of the Lich King. In mockery of Krik'thir's inability to protect his home, the nerubian was raised into undeath and forced to protect the very gates he failed to guard successfully in life.;0.5013660192489624,0.4508199989795685;272;1971;1;6073;159;0;0;-1
586;Hadronox;During the fall of Azjol-Nerub, nerubian viziers released a single spider that would one day grow to challenge the unyielding forces of the Lich King. Hadronox was instilled with a desire to avenge the fallen and reclaim its home from any that dare threaten it.;0.43169400095939636,0.5942620038986206;272;1972;2;6351;158;0;0;-1
587;Anub'arak;The fates of Azjol-Nerub and Anub'arak have long been intertwined. In life, he was the empire's king. In death, he was its conqueror. Charged by the Lich King to protect his old empire once more, the traitor king stands vigilant against any that threaten his kingdom.;0.6215850114822388,0.4877049922943115;272;1973;3;6355;157;0;0;-1
588;Trollgore;The Drakkari were among the most vicious troll tribes and Trollgore was a paragon of the tribe's savagery. This hulking monstrosity discovered that his vaunted ferocity paled in comparison to the Lich King's and he now serves as a grisly warning to all that dare challenge Arthas' reign.;0.5655739903450012,0.18237699568271637;273;1974;1;6370;160;0;0;-1
589;Novos the Summoner;Novos was ever the opportunist and sought a means to rise above his mundane peers. The cultist carved his heart from his body and presented the still beating organ to his master seconds before his death. His initiative impressed his master who in turn remade him into a lich.;0.7021859884262085,0.47950801253318787;273;1976;2;6375;160;0;0;-1
590;King Dred;King Dred is a legend amongst the Drakkari. Stories tell of a troll hunting party locating a mighty beast that thrived in a habitat saturated with Scourge plague. The trolls tamed the devilsaur, believing that he alone held an antidote for the savage disease devastating their people.;0.6120219826698303,0.8627049922943115;273;1977;3;6390;160;0;0;-1
591;The Prophet Tharon'ja;Not even the stolen powers of a loa could stay death's hand as the Scourge marched on Drak'Tharon Keep. Tharon'ja now prophesies only triumph for his new master as legions of trolls are slaughtered before the Lich King.;0.47677600383758545,0.13319699466228485;273;1975;4;6396;161;0;0;-1
592;Slad'ran;Slad'ran took no pleasure in sacrificing the loa he had served all his life. As the powers of his god surged into him, the high prophet swore that the Scourge would suffer for the atrocities the Drakkari trolls were forced to commit.;0.5396170020103455,0.4856559932231903;274;1978;1;6411;154;0;0;-1
593;Drakkari Colossus;The trolls' use of mojo in their voodoo magic has long been established, but the fusion of those magics into a golem was a revolutionary breakthrough. Their initial success led to the creation of numerous sentinels all spawned from their original creation: the colossus.;0.465846985578537,0.6557369828224182;274;1983;2;6418;154;0;0;-1
594;Moorabi;The Drakkari sought to sacrifice Mam'toth for his powers, but instead the loa destroyed himself. Despite this act, Moorabi would not be denied his god-like powers. The high prophet drank of the loa's blood and will now stop at nothing to keep Zul'Drak firmly in troll hands.;0.3934420049190521,0.48975399136543274;274;1980;3;6980;154;0;0;-1
595;Eck the Ferocious;The Drakkari sealed their failed gorloc experiments away after numerous attempts to weaponize them. As the frost trolls battled the Scourge invading their beloved homeland, Eck and his minions awaited the moment their freedom was at hand.;0.25136598944664,0.7049180269241333;274;1988;4;6664;154;0;2;2
596;Gal'darah;"The Drakkari turned to their loa as the Scourge invaded the nation of Zul'Drak. The frost trolls did not come to the loa with implorations; they came with blades. As blood flowed from their murdered god, Akali, the high prophet Gal'darah and his betrayers claimed the loa's strength as their own.";0.465846985578537,0.27049198746681213;274;1981;5;6989;154;0;0;-1
597;General Bjarngrim;The iron forces of Loken are legion and their general, Bjarngrim, stands above them all. As the vanguard of Loken's Halls of Lightning, the iron commander ensures that any who trespass in his master's domain are terminated with extreme prejudice.;0.4357919991016388,0.3729510009288788;275;1987;1;7724;138;0;0;-1
598;Volkhan;Loken's powerful legions are a testament to the craftsmanship of his blacksmith, Volkhan. His work is never ending, ceaselessly creating soldiers to fight for the fallen keeper. Only when the blacksmith's creations stand atop the crumpled bodies of their enemies will his work be done.;0.3770489990711212,0.20901699364185333;275;1985;2;7042;139;0;0;-1
599;Ionar;Loken does not rely on his iron minions as his personal defenders. The fallen keeper relies upon lightning itself. Ionar and its cohorts were given sanctuary within the Halls of Lightning in exchange for their unquestioning loyalty and willingness to slaughter any who seek to confront their new master.;0.6147540211677551,0.774590015411377;275;1984;3;7252;139;0;0;-1
600;Loken;The prime designate of Azeroth was tasked to keep Yogg-Saron secure within its prison. None could have foreseen that the keeper entrusted to safeguard the world from the Old God's malevolence would be the one responsible for its undoing.;0.1898909956216812,0.5225409865379333;275;1986;4;7258;139;0;0;-1
601;Falric;This champion of the Scourge was among the first death knights created by Arthas after claiming Frostmourne. Falric loyally followed his prince on a doomed campaign to Northrend only to be rewarded with betrayal by the prince he served faithfully all his life.;0.35245901346206665,0.75;276;1992;1;7265;185;0;0;-1
602;Marwyn;Marwyn had known Arthas all his life and saw him not just as his prince, but as a true friend. As Arthas sailed to Northrend, the knight followed him without hesitation. Though his friend would later plunge a cursed runeblade through his heart, Marwyn still felt it break upon seeing what the prince had become.;0.4344260096549988,0.6270490288734436;276;1993;2;7269;185;0;0;-1
603;Escape from Arthas;Two leaders sought to defeat the Lich King in single combat, but quickly learned they were no match against the power of the one true king. Seeking to avoid their fate, they tried to flee from his sanctum. Arthas would savor every moment of their futile efforts. There was no escape from the inevitable.;0.10519099980592728,0.27458998560905457;276;1990;3;7273;185;0;0;-1
604;Krystallus;"War isn't won by might alone; it is won by armies. This inherent truth inspired Loken to order the creation of loyal stone constructs to bolster his legions. Krystallus was chosen to oversee the operation and to crush any interloper that threatens its work.";0.40163901448249817,0.6045079827308655;277;1994;1;7285;140;0;0;-1
605;Maiden of Grief;Loken commands the forces of Ulduar, but not all serve him willingly. The Maiden of Grief has been ordered to destroy any who try reclaiming the Halls of Stone. She mourns turning on former allies, but fulfills her orders with violent purpose. Even her sorrows have been forged into weapons.;0.50273197889328,0.8627049922943115;277;1996;2;7290;140;0;0;-1
606;Tribunal of Ages;Abedneum, Kaddrak, and Marnak make up the Tribunal of Ages, librarians for the titan discs that contain the ancient histories of Azeroth. The immobile constructs do not give up the titans' secrets easily, but adventurers such as the intrepid Brann Bronzebeard believe the reward is worth the risk.;0.8456289768218994,0.7602459788322449;277;1995;3;7294;140;0;0;-1
607;Sjonnir the Ironshaper;While some resisted Loken's corruption, Sjonnir the Ironshaper was eager to turn the Forge of Wills to a darker purpose. He considers his new creations vastly superior to the earthen, and will unleash them on any who defy Loken's will.;0.4972679913043976,0.13729499280452728;277;1998;4;7313;140;0;0;-1
608;Forgemaster Garfrost;Forgemaster Garfrost has forged saronite into some of the most deadly weapons of the Scourge. He fills the air with a sinster chill, and he loves nothing more than squashing foes with the ore he carries on his back.;0.6803280115127563,0.5532780289649963;278;1999;1;34246;184;0;0;-1
609;Ick and Krick;The diminutive necromancer Krick oversees the contruction of horrific constructs within the Pit of Saron. Krick wears his foes down with dark magic and then commands the ghastly Ick to rip them into pieces.;0.47541001439094543,0.39754098653793335;278;2001;2;34357;184;0;0;-1
610;Scourgelord Tyrannus;The death knight Tyrannus was promoted to Scourgelord after slaying the giant Garfrost. His power and ruthlessness alongside his frost wyrm, Rimefang, make him the perfect guardian for the Pit of Saron and the entrance to the Halls of Reflection.;0.4412569999694824,0.2663939893245697;278;2000;3;34313;184;0;0;-1
611;Meathook;Since Prince Arthas first encountered the Scourge abominations, they have become even more menacing. Meathook has grown stronger, more toxic and more agile than the others. Smarter was never the goal of the necromancers who created Meathook, but it only takes a base cunning to do what he does best.;0.5669400095939636,0.592212975025177;279;2002;1;7361;131;0;0;-1
612;Salramm the Fleshcrafter;Salramm the Fleshcrafter was one of the first necromancers trained in the halls beneath Scholomance. He saw the test subjects, and occasional fellow students, as little more than a collection of interesting parts for his work. Now he has the entire population of Stratholme for his experiments... along with any interlopers who try to stop him.;0.5915300250053406,0.401638001203537;279;2004;2;7365;131;0;0;-1
613;Chrono-Lord Epoch;The infinite dragonflight often tries subtle methods to manipulate the timeways, but if that fails they can send an assassin to deal with Arthas directly. While little is known about the agents of the infinite dragonflight, Epoch displays a dangerous mastery of time that makes him a deadly obstacle to Arthas's future.;0.6584699749946594,0.25819700956344604;279;2003;3;7371;131;0;0;-1
614;Mal'Ganis;The destiny of Mal'Ganis has already been written. Arthas's hatred for the dreadlord will cause the prince to travel to Northrend and take up Frostmourne. But this will only happen if Mal'Ganis finds him worthy. To prove his worthiness and begin down his path to becoming the Lich King, Arthas must survive Mal'Ganis's onslaught.;0.3251360058784485,0.45901599526405334;279;2005;4;7375;131;0;0;-1
615;Bronjahm;Bronjahm has served the Cult of the Damned from the early days. Kel'Thuzad himself taught Bronjahm the value of souls and how to grind them down to fuel the engines of the Scourge. He can corrupt the souls of his foes and tear them out piece by piece, making him the ideal guardian for the Lich King's Forge of Souls.;0.4357930123806,0.49590200185775757;280;2006;1;7380;183;0;0;-1
616;Devourer of Souls;The dark industries Bronjahm carries out in the Forge of Souls produce tortured, fragmented spirits. To prevent their escape, and use every scrap of the damned, the Lich King created the Devourer of Souls. The Devourer of Souls hunts and consumes the stray spirits, and slowly breaks them down within its terrible form. The consumed souls are driven mad with anguish and suffering, but the Devourer's hunger is never sated.;0.4344260096549988,0.12090200185775757;280;2007;2;7387;183;0;0;-1
617;Commander Stoutbeard;Commander Stoutbeard led his troops against some of the most dangerous enemies of the Alliance. The Halls of Stasis may have slowed him down, but the sight of Horde adventurers will get him up and running again.;0.18715900182724,0.5061460137367249;281;3017;1;6665;129;0;8;-1
618;Grand Magus Telestra;It is rumored the Grand Magus Telestra tutored Prince Kael'thas. Though she believed the Prince allying with the naga was foolish, she could not support Dalaran imprisoning her people. Malygos only needed to remind her of this betrayal to gain her as an instructor for his mage hunters.;0.27595600485801697,0.39958998560905457;281;2010;2;7392;129;0;0;-1
619;Anomalus;Directing so much of Azeroth's arcane energy through the Nexus has created tears in reality. As Malygos's forces try to drive back invading creatures, the chaotic arcane power has taken form as Anomalus. If the creature is not stopped, it will unmake everything it can touch.;0.6202179789543152,0.2213120013475418;281;2009;3;7405;129;0;0;-1
620;Ormorok the Tree-Shaper;The incredible arcane energies of the Nexus have transformed the Singing Gardens and its guardians. Ormorok's simple mind has become obsessed with the energies transforming him. For those who would interrupt his contemplations he has few words, but a mountain of violence.;0.5628420114517212,0.7274590134620667;281;2012;4;7416;129;0;0;-1
621;Keristrasza;Whether the tortures inflicted on Keristrasza were revenge for the death of Saragosa or a misguided attempt to turn her into an ally is known only to Malygos. Regardless of his intent, her allies have heard her cries of anguish and disturbing whispers of her diminishing mind.;0.3620220124721527,0.6741799712181091;281;2011;5;7422;129;0;0;-1
622;Drakos the Interrogator;Those who have broken Malygos's law may find themselves under the claws of Drakos. After securing Keristrasza in the Nexus, Drakos returned to the Oculus to collect his newer prisoners, other drakes who ran afoul of Malygos. He makes no claims of rehabilitation and he uses no metaphors. His prisoners are here to be punished, and there is no escape.;0.49180299043655396,0.7622950077056885;282;528;1;7437;143;0;0;-1
623;Varos Cloudstrider;Varos Cloudstrider has coordinated brutal attacks against the Wyrmrest Accord since the beginning of the Nexus War. He was recalled to guard the Oculus, and he has already prepared his captains and drakes. Varos has also tapped the power coursing through the Oculus itself to bolster his defense.;0.46174898743629456,0.19262300431728363;282;530;2;7440;144;0;0;-1
624;Mage-Lord Urom;Urom has abandoned the Kirin Tor and pledged his loyalty to Malygos, who was more than happy to receive him. The turncoat mage is an invaluable asset for the blue dragons. He knows the Kirin Tor's strengths and weaknesses. He knows how they think. And he will use that knowledge to destroy them.;0.7076500058174133,0.27458998560905457;282;533;3;7445;145;0;0;-1
625;Ley-Guardian Eregos;Even heroes will tremble before Eregos, protector of the Oculus, defender of the ley line conduit, and executioner of interlopers. He will accomplish these tasks with the conviction of prophecy, securing the Spell-Weaver's utter dominion over all things arcane.;0.4699450135231018,0.20901599526405334;282;534;4;7448;146;0;0;-1
626;Erekem;The Violet Hold's inmates include the most notorious of Outland's criminals, and Erekem is no exception. The Kirin Tor thwarted his plot to assassinate the Council of Six, but now the blue dragons have recruited this insidious arakkoa to achieve a more ambitious feat: wiping out every mage in Dalaran.;0.27595600485801697,0.6229509711265564;283;0;1;7457;168;0;0;-1
627;Moragg;Cyanigosa has enlisted Moragg to help her annihilate Dalaran's renegade magi. This nightmarish demon once served the Burning Legion, eviscerating Sargeras's enemies with the baleful gaze of his seven eyes. Now he will show Azeroth's heroes that one does not simply walk into the Violet Hold...;0.678961992263794,0.5286880135536194;283;0;2;7470;168;0;0;-1
628;Ichoron;A foolish apprentice summoned this revenant from the Elemental Plane, only to discover that disgruntled soldiers of the Old Gods make poor pets. Ichoron slew her would-be master and has rotted in the Violet Hold ever since, eager to wreak vengeance on her jailors.;0.5560110211372375,0.4036880135536194;283;0;3;7475;168;0;0;-1
629;Xevozz;Xevozz was an arcane weapons dealer... until the Kirin Tor discovered he was arming the Burning Legion. Now this hardnosed ethereal is executing a three-point business plan: destroy his enemies, escape incarceration, and get back to servicing his biggest client.;0.3306010067462921,0.4528689980506897;283;0;4;7482;168;0;0;-1
630;Lavanthor;Cyanigosa in her cold cunning has unleashed the core hound's inferno. The magi imprisoned Lavanthor to stanch the two-headed terror's thirst for blood, and years of isolation have done nothing to improve its temper.;0.6188520193099976,0.75;283;0;5;7488;168;0;0;-1
631;Zuramat the Obliterator;"It took one hundred of Dalaran's finest to subdue Zuramat; it took twice as many to clear the carnage from the killing field. The Obliterator's malevolence gives pause even to mad Malygos, who considers the void lord's appetite for magic distasteful. But genocide makes strange bedfellows.";0.27185800671577454,0.33606600761413574;283;0;6;7492;168;0;0;-1
632;Cyanigosa;"Malygos chose Cyanigosa to execute his machinations because of her unquestionable loyalty. She did not flinch when her master withdrew into madness; she did not falter when he commandeered Azeroth's ley lines; and she will not fail to eradicate all who defy him.";0.4508199989795685,0.5512290000915527;283;2020;7;7497;168;0;0;-1
634;Grand Champions;The Lich King is relentless, his undead armies pouring forth to overwhelm his foes. To prepare would-be champions against him, Highlord Tirion Fordring presents a test of courage, endurance, and teamwork. His hardened veterans will weed out those who lack the stomach to face the ravening throngs of undead.;0.5122950077056885,0.5266389846801758;284;2022;2;7502;171;0;4;-1
635;Eadric the Pure;Before heroes can challenge the forces of darkness, they must defeat agents of the Light. Highlord Tirion Fordring has selected a formidable paladin from the Argent Crusade to test combatants' mettle. Eadric will go to great lengths to cull those without the moral conviction to enter Icecrown Citadel.;0.5136610269546509,0.524590015411377;284;2022;3;7570;171;0;0;-1
636;Argent Confessor Paletress;Before heroes can challenge the forces of darkness, they must defeat agents of the Light. Highlord Tirion Fordring has selected a formidable priest from the Argent Crusade to test combatants' mettle. Paletress will do everything in her power to ensure that only those with strong faith will confront the Scourge.;0.5122950077056885,0.5286880135536194;284;2022;4;7574;171;0;0;-1
637;The Black Knight;The Lich King is cunning and will use treachery to thwart his enemies. To that end, he has dispatched the Black Knight to eliminate promising candidates from Highlord Tirion Fordring's army. The undead's mere presence defiles the Crusaders' Coliseum, and those who prevail against him will prove their worthiness.;0.5136610269546509,0.5266389846801758;284;2021;5;7582;171;0;0;-1
638;Prince Keleseth;The Lich King deployed Keleseth to Utgarde Keep in hopes of harnessing the vrykul's potential for destruction. Upon arriving, the ambassador found a people who were more than eager to assist the Scourge. The keep has proved to be an excellent staging point for terrorizing the Howling Fjord, and Keleseth has no intention of losing it to insolent trespassers.;0.28961798548698425,0.6270490288734436;285;2026;1;7601;133;0;0;-1
639;Skarvald & Dalronn;"It's a vrykul tradition to make unlikely partners work together. Some say it's to allow divergent abilities to complement each other; others say it's for the amusement of King Ymiron. Regardless, Skarvald and Dalronn are a perfect example of this custom. Between a vrykul's brawn and a human's necromantic arts, they will punish those who meddle with the Scourge.";0.587431013584137,0.6209009885787964;285;2024;2;7609;134;0;0;-1
640;Ingvar the Plunderer;Ingvar's brute strength is legendary even among the vrykul. Rumor has it that he once bested King Ymiron in a brawl. The truth is unknown, but purveyors of that tale usually don't live for a retelling. Ingvar has promised the Lich King that he'll use all measures of brutality to hold the keep, a promise that he dare not break.;0.7240430116653442,0.38114801049232483;285;2025;3;7619;135;0;0;-1
641;Svala Sorrowgrave;Svala distinguished herself as Ingvar the Plunderer's lieutenant, leading perilous scouting missions in Horde and Alliance outposts. It was she who discovered the enemy's plans to invade Utgarde, giving the Lich King time to prepare. For her service, he has transformed her into a val'kyr, revered warrior maiden of the Scourge.;0.3633880019187927,0.7069669961929321;286;2030;1;7660;136;0;0;-1
642;Gortok Palehoof;The vrykul keep many trophies at Utgarde Keep, and Gortok is among the most impressive. King Ymiron displays the frozen magnataur's cruel countenance as a reminder that even the most savage beasts are mere decorations for vrykul halls. This living statue will sow destruction if liberated, unleashing his wrath indiscriminately.;0.6065580248832703,0.6885250210762024;286;2027;2;7669;137;0;0;-1
643;Skadi the Ruthless;"The vrykul assign nicknames based on accomplishments. Cleansing a Drakkari bloodline or decapitating taunka might garner the appellation of ""dutiful,"" but it takes a true act of depravity to be called ""ruthless."" Skadi earned his title long ago for relentlessly hunting down vrykul who sheltered the malformed infants, predecessors of humanity, condemned by Ymiron.";0.6844260096549988,0.3627049922943115;286;2029;3;7691;137;0;0;-1
644;King Ymiron;Proud Ymiron ruled the northern wastes until the vrykul's long slumber relegated him to insignificance. He regained consciousness to find that his wife had been murdered, his lands besieged by enemies. He has cast off his mortality and demands vengeance, eager to show the terrible resolve of an awakened giant.;0.41530099511146545,0.5348359942436218;286;2028;4;7708;137;0;0;-1
649;Raigonn;This colossal mantid spearheads the assault against the gates. Acting as a living battering ram, Raigonn mercilessly hammers the pandaren defenses, seeking to decimate any and all obstacles barring the mantid's ruthless invasion of Pandaria.;0.4411369860172272,0.6069009900093079;303;1419;4;5034;437;0;0;-1
654;Armsmaster Harlan;The weapons of the Scarlet Crusade are many, and new initiates must be indoctrinated in the use of blade, hammer, arrow, and shield--effective tools against the undead. Armsmaster Harlan has dedicated his life to the art of wielding these indelicate instruments, and he is pleased to provide a demonstration for the Crusade's blasphemous enemies.;0.6188229918479919,0.44774800539016724;311;1421;2;6575;432;0;0;-1
655;Saboteur Kip'tilak;The mantid are no strangers to warfare, using technology to turn the tide of battle. The pandaren stand little chance against munitions experts such as Kip'tilak, who strike deep behind enemy lines and threaten to destroy the already weakening fortifications from within.;0.4614349901676178,0.8788909912109375;303;1397;1;5390;437;0;0;-1
656;Flameweaver Koegler;Flameweaver Koegler trains the Scarlet Crusade's more magically minded adepts in the subtle applications of the arcane. Fire is his specialty, and he has used his skills to burn the order's historical tomes, erasing the Crusade's past failures. Apart from books, Koegler's flames have rendered many--undead, students, and trespassers alike--into piles of smoking ash.;0.39377498626708984,0.15629200637340546;311;1420;2;5395;432;0;0;-1
657;Master Snowdrift;Master Snowdrift recognizes that the battles between the Horde and the Alliance have contributed to the monastery's dire state. Heroes seeking this wary pandaren's loyalty must first best his students. Only those who prevail can face Snowdrift himself, a paragon of martial arts who has dedicated his life to attaining perfection of body and mind.;0.2952750027179718,0.7300710082054138;312;1304;2;5435;443;0;0;-1
658;Liu Flameheart;Since she was a cub, the priestess Liu Flameheart has studied the cycle of rebirth for the Jade Serpent, Yu'lon. When the Sha of Doubt attacked, Liu was the first to resist, but she was also the first to succumb to corruption. Now she is consumed with uncertainty, fearing she may not have the strength to ensure Yu'lon's rebirth.;0.48037898540496826,0.5317999720573425;313;1416;3;5501;429;0;0;-1
659;Instructor Chillheart;"Course: Introduction to the Dark Arts

Instructor Chillheart journeyed from Northrend to teach aspiring necromancers discipline, harshly punishing those who disappoint her. She commands the icy chill of the north and masterfully uses Scholomance's libraries to deadly effect.";0.652878999710083,0.6041439771652222;246;1426;1;5524;476;0;0;-1
660;Houndmaster Braun;The quickest and surest way to detect the undead is by the scent of rot they carry, and even the most veteran soldier cannot match the olfactory sense of a hound. Houndmaster Braun has bred and trained a savage pack of canines to aid the crusaders in hunting down their foes--living and undead.;0.5480380058288574,0.28822699189186096;311;1422;1;5606;431;0;0;-1
663;Jandice Barov;"Course: Advanced Illusions

Barov's spirit lurked in the recesses of Scholomance for years, but now she has taken a more active role in educating the next generation of magi. Her vast knowledge of illusions has made her both a valued educator and a dangerous opponent to anyone foolish enough to draw her ire.";0.5997430086135864,0.18310000002384186;246;1427;2;5532;477;0;0;-1
664;Lorewalker Stonestep;The Sha of Doubt's minions gleefully invaded the Temple of the Jade Serpent's library, creating twisted, destructive versions of heroes and other characters of pandaren lore. Despite his best efforts, Lorewalker Stonestep has been unable to restore these manifestations of the past to their uncorrupted forms.;0.26116400957107544,0.7510150074958801;313;1417;2;5536;429;0;0;-1
665;Rattlegore;"Course: Reanimation 101

Rattlegore was thought to have been destroyed in Andorhal, but Gandling immediately began preparations to reanimate the clattering terror so he could guard against intruders. The Darkmaster sought to make Rattlegore more ferocious than ever, imbuing him with an insatiable desire to harvest raw materials from his enemies.";0.4844380021095276,0.26183998584747314;246;1428;3;5552;477;0;0;-1
666;Lilian Voss;"Course: Reeducation

The undead Lilian Voss strangled her father--a high priest of the Scarlet Crusade--for treachery, and then started a rampage that eventually led her into the shadowy corridors of Scholomance. Rather than destroy the intruder, Darkmaster Gandling graciously decided to show Voss how to embrace her grim fate. The anger and runeblades she had once directed at the school are now turned toward Gandling's enemies.";0.5182679891586304,0.4709070026874542;246;1429;4;5558;477;0;0;-1
668;Ook-Ook;Even for a hozen, Ook-Ook has a reputation for being uncouth and raucous. The monstrous creature and his cronies recently broke into the Stormstout Brewery and cracked open its precious beer casks to throw the greatest party of all time: Ookapalooza!;0.5575100183486938,0.49120399355888367;302;1412;1;5586;440;0;2;3
669;Hoptallus;Hoptallus is the bane of farmers throughout the Valley of the Four Winds - a virmen of mythic proportions that can consume entire fields of crops in a single night. Word has spread that the giant pest and his offspring have infested the brewery and begun devouring its stores of rice and barley.;0.3829500079154968,0.4566980004310608;302;1413;2;5590;441;0;2;3
670;Yan-Zhu the Uncasked;In a desperate attempt to save the family brewery, Uncle Gao set about concocting what he believed would be the ultimate ale, a full-bodied elixir of depthless flavor. Yet his bold experiment resulted in a bitter and extremely volatile alemental creature, dubbed Yan-Zhu the Uncasked.;0.4884980022907257,0.5175920128822327;302;1414;3;5595;442;0;2;3
671;Brother Korloff;Brother Korloff first learned of the monk's deadly arts from pandaren ambassadors as they journeyed through Azeroth. When the crusader demonstrated this martial style to his superiors, they unanimously ordered Korloff to train an entire generation of initiates in the ways of the monk.;0.49397599697113037,0.5240960121154785;316;1424;2;5601;436;0;0;-1
672;Wise Mari;The revered jinyu waterspeaker Wise Mari has found knowledge and foresight countless times in the Fountain of the Everseeing. But when the Sha of Doubt corrupted the familiar currents, Mari was overwhelmed with limitless distrust and suspicion.;0.4451960027217865,0.1928279995918274;313;1418;1;5612;429;0;0;-1
673;Gu Cloudstrike;Before the escape of the sha, Gu Cloudstrike was entrusted with training the elite Shado-Pan spellcasters. Now this formerly gentle and reserved pandaren revels in unleashing his astounding powers, with devastating consequences. He has asserted control over the mystical Azure Serpent, and his students are helpless in the wake of Cloudstrike's lethal attacks.;0.6498450040817261,0.6915280222892761;312;1303;1;5621;443;0;0;-1
674;High Inquisitor Whitemane;At a young age, Sally Whitemane witnessed her family succumb to the horrific plague of undeath as they were traveling through northern Lordaeron. She was then forced to destroy her parents and siblings when they rose as mindless Scourge minions, leaving her racked by guilt and rage. Ever since that day, the fearsome priestess has found fulfillment and pleasure in only one thing: the destruction of undead.;0.49096399545669556,0.8042169809341431;316;1425;3;5635;436;0;2;3
675;Striker Ga'dok;The strikers are an aerial component of the mantid empire's massive army. Among them are seasoned aces such as Ga'dok. Able to singlehandedly rain fiery devastation upon scores of enemies, Ga'dok and his minions seek to bring death from above to the gates' defenders.;0.49120399355888367,0.27198898792266846;303;1405;2;5642;438;0;0;-1
676;Commander Ri'mok;Commander Ri'mok oversees the mantid ground forces relentlessly besieging the towering gates. Unimpressed by the defenders, Ri'mok calls upon countless reinforcements to vanquish those foolish enough to stand in his way.;0.462787002325058,0.23748299479484558;303;1406;3;5666;437;0;0;-1
677;Will of the Emperor;The core chamber of the vaults houses an army of stone soldiers who have been motionless for centuries. They are row upon row of warriors, statues armed for a battle that never began. What treasures do they guard? And what is their tie to the titanic power buried with them here in the shadows?;0.6884210109710693,0.8193889856338501;317;1407;6;5670;473;0;0;-1
679;The Stone Guard;The first line of defense against those daring to enter the vaults is a stolid row of enchanted, bestial statues. Hard as granite and ceaseless in their vigil, the sentries of the Stone Guard present an insurmountable wall of flame, fangs, and claws.;0.45931100845336914,0.6412019729614258;317;1395;1;5691;471;0;0;-1
682;Gara'jal the Spiritbinder;Leader of the Zandalar trolls' assault on the vaults, Gara'jal is determined to crack open this trove of ancient mystery and bring back whatever arcane power and knowledge he can find. Gifted with dark talents and surrounded by a loyal cadre of Zandalar mystics, he has broken through the outer walls and will not rest until the vaults belong to him.;0.7786620259284973,0.34485599398612976;317;1434;3;5742;472;0;0;-1
683;Protectors of the Endless;When the Sha of Fear invaded the Terrace of Endless Spring, three venerated jinyu protectors were corrupted, and they betrayed the other mortal sentinels, slaying them all. The twisted guardians have now turned their attention to any intruders who might interrupt the sha's  attack on the area's last defenses.;0.7659000158309937,0.4891749918460846;320;1409;1;5818;456;0;0;-1
684;Darkmaster Gandling;"Course: Advanced Studies

The recent defeat in Andorhal has put Darkmaster Gandling in the foulest of moods. More than ever, all students of Scholomance are advised to impress him at every turn. Pupils who dissatisfy the headmaster will be removed from class to perform lab work... or become lab work.";0.5010910034179688,0.3261690139770508;246;1430;5;5795;479;0;0;-1
685;Sha of Violence;Bloodthirsty, ruthless, and savage, the Sha of Violence is unfettered within the Shado-Pan Monastery. Feeding on the Horde and Alliance's brutality, the entity gleefully ravages the monks who struggle to impede the monstrous onslaught.;0.4258959889411926,0.2929520010948181;312;1305;3;5810;443;0;0;-1
686;Taran Zhu;The Sha of Hatred has tainted Taran Zhu, the Shado-Pan's pragmatic and mighty leader. Once devoted to protecting his beloved home, Zhu now burns with seething hatred for all life, twisting his perception of everything--and everyone--around him.;0.7212449908256531,0.47496700286865234;312;1306;4;5827;443;0;0;-1
687;The Spirit Kings;Ancient records tell of these legendary rulers, powerful mogu who carved an empire from the very rock of Pandaria. Their names still cause the land to tremble: Zian of the Endless Shadow, Meng the Demented, Qiang the Merciless, and Subetai the Swift. Some say their spirits lurk in the vaults, lost in ghostly memories of battle and glory.;0.18944500386714935,0.5155619978904724;317;1436;4;6714;472;0;0;-1
688;Thalnos the Soulrender;"Thalnos earned repute in the Scarlet Crusade for the brutal torture methods he used to ""purify"" new recruits. Ultimately, the sadistic mage contracted the plague of undeath and arose as a fearsome skeletal being. The vengeful Thalnos now prowls the monastery's graveyard, commanding apparitions and zombified creatures to attack anyone who trespasses on his unholy domain.";0.26204800605773926,0.4563249945640564;316;1423;1;5862;435;0;0;-1
689;Feng the Accursed;Long ago, Feng Shri was the Mogu'shan Vaults' caretaker, tasked with preserving the treasures kept within these shadowy halls. After years of faithful service, he was caught stealing from the shelves (although some say he was framed by a jealous underling) and the mogu ruler punished him with a fatal curse. The doomed spirit of Feng Shri has wandered the vaults ever since, communing with the shades of past mogu heroes and warlords.;0.3193509876728058,0.3288230001926422;317;1390;2;5871;471;0;0;-1
690;Gekkan;As the mogu clans battle for supremacy, the cunning Gekkan leads his fearsome saurok raiding party into the palace's fabled treasure caches. Loyalty is not usually ascribed to these ruthless reptilian beings, but Gekkan's courage and tactical brilliance inspire a sense of honor in his soldiers.;0.44790300726890564,0.7591339945793152;321;2129;2;5911;454;0;0;-1
691;Sha of Anger;The Sha of Anger, the physical manifestation of rage, has escaped from the Shado-pan Monastery in Kun-Lai Summit. Amid the brutal conflicts gripping Pandaria, the dark entity has grown ever more powerful. Recently, the sha has been seen wandering Kun-Lai, using negative energies to corrupt everything the being encounters.;0.5440859794616699,0.6320499777793884;322;0;1;5937;379;0;0;-1
692;General Pa'valak;The pragmatic General Pa'valak does not fear the pandaren or their allies, and he does not differentiate between using his own might and that of his mantid armies to defeat his enemies. Victory is the only honor he seeks, and Pa'valak will not tolerate failure should his minions fall short of their goal.;0.5531420111656189,0.4627879858016968;324;1447;3;5955;457;0;0;-1
693;Vizier Jin'bak;Vizier Jin'bak roams just beyond the mantid's natural bridge, collecting the tree root's precious sap. Using his vast alchemical knowledge, this formidable being is transforming the substance into weapons and other tools that will help advance the siege on Niuzao Temple.;0.4704909920692444,0.5210279822349548;324;1465;1;5957;458;0;0;-1
694;Adarogg;Ragefire Chasm's trogg population has rapidly declined in recent months for one reason: Adarogg. This ravenous flame hound was among the first of his kind ripped from the Firelands by dark shaman. Adarogg's handlers feed the unruly beast over twice his weight in trogg flesh per day to keep him appeased.;0.6927300095558167,0.6502060294151306;226;1443;1;5961;213;0;0;-1
695;Dark Shaman Koranthal;Koranthal has always believed that brute force is the only way to control Azeroth's elementals. His extreme views led him to join the ranks of the sinister Twilight's Hammer. When the cult fell, the orc and other like-minded shaman secretly infiltrated Ragefire Chasm to continue practicing their dark arts.;0.5404670238494873,0.30041199922561646;226;1444;2;5963;213;0;0;-1
696;Slagmaw;Unlike other lava worms enslaved by the dark shaman, Slagmaw has proven to be nearly impossible to control. The beast lives to dig through the depths of the earth, and it cares nothing for the consequences of its actions, or the damage it causes to anyone who stands in its way.;0.4087800085544586,0.5740739703178406;226;1445;3;5965;213;0;0;-1
697;Lava Guard Gordoth;Hubris drove the brilliant shaman Gordoth to act as a living conduit for energies pulled from the Firelands. He and his allies had hoped to mimic the creation of elemental ascendants in the Twilight's Hammer cult. Instead, the explosive influx of power drove Gordoth insane and mutated his body into a hideous form.;0.3429360091686249,0.8168720006942749;226;1446;4;5967;213;0;0;-1
698;Xin the Weaponmaster;The title of weaponmaster has many definitions among Azeroth's inhabitants. To Xin, it means that mogu weaponry obeys his every command. The king is more than willing to demonstrate his deadly skills to anyone who questions his right to rule Pandaria.;0.4028320014476776,0.8610039949417114;321;1441;3;5970;455;0;2;3
708;Trial of the King;Ming the Cunning, Kuai the Brute, and Haiyan the Unstoppable have journeyed to the palace with their clans, vying to prove their worth to their king. Yet these mogu factions are plagued with bitter rivalries. Violence threatens to flood the palatial grounds unless the bickering clans can find a way to test their strength without coming to blows with one another.;0.4018949866294861,0.7043300271034241;321;1442;0;6015;453;0;0;-1
709;Sha of Fear;The Sha of Fear is the physical manifestation of terror in Pandaria. Imprisoned by the legendary pandaren emperor Shaohao long ago, the entity has been newly strengthened by rising conflict across the island.;0.3085249960422516,0.4932340085506439;320;1431;4;6086;456;0;0;-1
713;Garalon;"It may be time to reconsider stepping on bugs. Don't make fun of this hulking behemoth's tiny wings; that'll just make him angry.";0.6654279828071594,0.16783200204372406;330;1463;3;6122;475;0;0;-1
725;Salyis's Warband;The ruthless saurok roam Pandaria, stealing what they can and harassing the island's other inhabitants. The most infamous of these reptilian pillagers are Chief Salyis and his warband. For years, the saurok commander and his raiders have stormed through the Valley of the Four Winds atop Galleon, a colossal and well-armed mushan that is more a moving fortress than a simple mount.;0.7168490290641785,0.6448289752006531;322;0;1;6141;376;0;0;-1
726;Elegon;Dedicated to the advancement of their empire, the mogu salvaged and repurposed titan technology to generate untold power in the depths of this ancient complex. Why these energies have been focused into the cold will of a celestial dragon is a mystery that lies at the very heart of the vaults.;0.20703700184822083,0.5115020275115967;317;1500;5;6171;473;0;0;-1
727;Wing Leader Ner'onok;Wing Leader Ner'onok's decisive blows have won a hundred battles. The small gains General Pa'valak has made are nothing compared to the victory Ner'onok believes he could achieve if he were in command. Although his aerial attacks have thus far devastated the temple's guardians, the winged terror still longs for a chance to prove his superiority over the general.;0.5764539837837219,0.2192150056362152;324;1464;4;6477;457;0;0;-1
728;Blood Guard Porung;During the bloody siege of Shattrath, Porung stormed an enclave of draenei paladins who had barricaded themselves within a corner of the city. He single-handedly slaughtered the defenders, but suffered a grave injury that left him incapable of following the Horde when it later stormed Azeroth. Now recovered, Porung serves Warchief Kargath Bladefist in Hellfire Citadel, hoping to make up for the glorious battles he has missed and write his name in orcish history with the blood of his enemies.;0.2968460023403168,0.14656800031661987;259;1935;2;6662;246;0;2;2
729;Lei Shi;For countless years, this friendly water spirit frolicked in the Fountains of Endless Spring with childlike wonder and glee. When fighting suddenly broke out in this peaceful place, Lei Shi saw the crystal-clear water turn cloudy and murky, and terror fell over her mind.;0.538565993309021,0.4932340085506439;320;1506;3;6493;456;0;0;-1
737;Amber-Shaper Un'sok;Eager to please his empress, Un'sok has produced several innovative concoctions. Yet this brilliant young alchemist's proximity to the mantid queen has allowed the sha's negative energies to take root in his mind. Now, Un'sok's overwhelming fear of failure drives him to create increasingly deadlier weapons.;0.4411369860172272,0.7368059754371643;330;1499;5;6243;475;0;0;-1
738;Commander Vo'jak;"What Commander Vo'jak lacks in strategic brilliance, he makes up for with raw ferocity. His devastating strikes were crucial to the mantid's exploitation of their insidious bridge, allowing them to infiltrate the island. Yet devising battle plans is for the mantid general; Vo'jak craves only blood.";0.362758994102478,0.761788010597229;324;1502;2;6274;457;0;0;-1
741;Wind Lord Mel'jarak;Wind Lord Mel'jarak commands the mantid's numerous aerial forces. Although he exudes arrogance, the cunning insectoid is fiercely protective of his soldiers and enjoys fighting at their side. Mel'jarak believes the mantid are superior to all other races, convinced that his kind cannot be defeated.;0.6657649874687195,0.3288230001926422;330;1498;4;6328;475;0;0;-1
742;Tsulong;Legends speak of a spiraling, golden serpent that can sometimes be seen high in the sky, basking in the sunlight above the clouds. The few who claim to have observed it themselves say the creature is fiercely protective of the terrace.;0.6901209950447083,0.4932340085506439;320;1505;2;6310;456;0;0;-1
743;Grand Empress Shek'zeer;The ancient Klaxxi order has come to a mournful decision: the tainted grand empress Shek'zeer must be deposed. Traditionally, mantid rulers are displaced in their old age by a carefully chosen successor. However, Shek'zeer's intended replacement is still too young and weak to unseat her, leaving the Klaxxi with no choice but to kill the current empress. If action is not taken against her soon, all of Pandaria may crumble before the mantid's ravenous swarms.;0.2679300010204315,0.7368069887161255;330;1501;6;6336;475;0;0;-1
744;Blade Lord Ta'yak;Ta'yak is known for his patience and intelligence. In battle, he is a master at discovering his opponent's weaknesses and awaiting the perfect opportunity to strike. Ta'yak's skill with a blade is unmatched, and he cherishes imparting his martial knowledge on young mantid warriors.;0.6008120179176331,0.1968879997730255;330;1504;2;6345;474;0;0;-1
745;Imperial Vizier Zor'lok;Zor'lok shrieks his proclamations so they're heard throughout the sprawling mantid palace. He is the Voice of the Empress, and his words alone inspire the insectoid race's warriors to give their lives without question. Unwaveringly loyal, Zor'lok will stop at nothing to defend his beloved matriarch, regardless of the corruption within her.;0.6901220083236694,0.7449259757995605;330;1507;1;6424;474;0;0;-1
748;Obsidian Sentinel;The Obsidian Sentinel was responsible for guarding Uldaman's secrets until it was corrupted by an unknown force. Originally crafted from the same stone as the halls of Uldaman itself, this keeper has had the majority of its body replaced with dark glass capable of reflecting spells. Whatever was responsible for the Obsidian Sentinel's transformation must be incredibly potent, for it is not easy to alter the enchanted stone of a titan construct.;0.28942498564720154,0.5974029898643494;239;1887;4;6448;230;0;0;-1
749;Commander Malor;Malor and a handful of other courageous warriors risked everything to protect the Scarlet Bastion from being desecrated by the undead. Tragically, they failed. Balnazzar corrupted the fearless commander into one of his servants, transforming the zealot into a mockery of his former self.;0.2993200123310089,0.40799999237060547;236;476;4;6452;317;0;0;-1
814;Nalak, The Storm Lord;When Lei Shen discovered a rare clutch of thundering cloud serpents, he was awed, and set to subjugating them. The largest hatchling fiercely resisted, and when Lei Shen visited the handling pens, he laughed mightily at the charred mogu that lined the walls. He took the hatchling for his own, and for its obedience, granted it power over the storms and the sky.  For thousands of years following the death of the Thunder King, Nalak has guarded the walls of his hidden citadel, awaiting his return.;0.6059579849243164,0.37334999442100525;322;0;3;6860;504;0;0;-1
816;Council of Elders;The history of the troll tribes -- the Drakkari, the Farraki, the Amani, and the Gurubashi -- is awash with millennia of betrayal and conflict, but the Zandalari's promise of a new, unstoppable empire has finally united these disparate troll leaders.;0.4996899962425232,0.19109399616718292;362;1570;3;7051;509;0;0;-1
817;Iron Qon;"Legends speak of the brutality of Qon and his quilen champions. The fearless mogu commander was dubbed ""Iron Qon"" by the Thunder King for his unrelenting resolve to claim victory after victory for the empire regardless of the cost.";0.3463200032711029,0.5899810194969177;362;1559;10;6869;513;0;0;-1
818;Durumu the Forgotten;Lei Shen commanded his sorcerers to mold an aberration that could peer into the hearts of his followers and detect betrayal. From this decree, Durumu was given life. The clever entity stubbornly obeyed its masters until the Thunder King's death, at which time it disappeared into the citadel's labyrinthine corridors. Only recently has Durumu, all but forgotten by the mogu, emerged from hiding.;0.7111930251121521,0.3395169973373413;362;1572;7;6879;512;0;0;-1
819;Horridon;The Zandalari brought powerful creatures with them to the Isle of the Thunder King to use as engines of war. Led by the War-God Jalak, the dinomancers of the Zandalari Beast Ward use ancient tribal magics to strengthen the great beasts and command obedience. The horns of Horridon, the fabled mount of Jalak himself, can tear through the stone walls of a keep as a blade cuts silk.;0.2683970034122467,0.7874979972839355;362;1575;2;7078;509;0;0;-1
820;Primordius;Deep within the bowels of Lei Shen's island citadel, mogu flesh-shapers formed the saurok out of a magical substance of unknown origin. When the citadel was abandoned, some experiments languished in the dark pools for far too long....;0.5726320147514343,0.782899022102356;362;1574;8;6947;512;0;0;-1
821;Megaera;Even the most callous among the mogu quaver at the thought of the dark experiments performed at the Thunder King's behest. Long ago, a young cloud serpent was twisted into a multi-headed hydra and left to languish beneath Lei Shen's throne. Now the twisted creature lurks deep in the Forgotten Depths, awaiting the moment it may finally inflict its terrible agony upon others.;0.7173770070075989,0.25231900811195374;362;1578;5;7006;510;0;0;-1
824;Dark Animus;During his reign, Lei Shen labored to build a mechanical servant that would defend his citadel without fear. When his first attempt failed, rage took hold of the Thunder King. He poured this negative emotion into his next, and most successful, creation: the Dark Animus. To this day, the ornate construct observes its duty, empowered by the mysterious substance at the heart of all mogu flesh-shaping experiments.;0.4265579879283905,0.5760729908943176;362;1576;9;7774;512;0;0;-1
825;Tortos;Over the millennia, small amounts of mogu flesh-shaping magic seeped into the caverns below the Thunder King's citadel. The dark energies warped one of the chamber's native dragon turtles, melding it to the surrounding crystalline walls. Known as Tortos, this amalgamation of flesh and stone has since feasted on the cave's rich mineral deposits and grown to a colossal size.;0.31599798798561096,0.8207929730415344;362;1565;4;7128;510;0;0;-1
826;Oondasta;As the war against Lei Shen's island citadel began, Alliance and Horde scouts made an effort to intercept missives between the major Zandalari camps. One such exchange seemed to revolve around an unfamiliar Zandalari word, always surrounded by terms of conquest and power: Oondasta. Somewhere in Pandaria, the Zandalari Beast Ward raises their mighty beasts as engines of war, and is putting the finishing touches on this Loa-infused monstrosity. The exact location, however, remains unknown...;0.49957001209259033,0.5405669808387756;322;0;4;7146;507;0;0;-1
827;Jin'rokh the Breaker;When the Thunder King awoke, he rewarded the most loyal and ambitious Zandalari trolls with power beyond their wildest dreams. The berserker Jin'rokh was one of the first to receive the King's blessing, and even though Lei Shen's gifts nearly tore his body apart, the troll is now capable of calling the fury of the storm in battle.;0.5949289798736572,0.25602999329566956;362;1577;1;7747;508;0;0;-1
828;Ji-Kun;Mogu flesh-shapers discarded their failed creations in an abyssal shaft beneath Lei Shen's keep. The reek of decay lured many scavengers to the refuse pit, including the great Ji-Kun. Ruthless and cunning, the monstrous bird devoured her rivals one-by-one until she held sole dominion over the shadowy tunnel.;0.4935060143470764,0.415583997964859;362;1573;6;7348;511;0;0;-1
829;Twin Empyreans;The Twin Empyreans are among the most formidable of the Thunder King's champions. Determined to safeguard his reign, Lei Shen keeps his loyalists close and their combined arsenal against interlopers closer.;0.7792209982872009,0.382189005613327;362;1560;11;7641;513;0;0;-1
831;Ra-den;Lei Shen's life changed forever when he stumbled into a dark chamber below what are now the Mogu'shan Vaults. Legend has it he found an ancient titan keeper guarding a miraculous device known as the Engine of Nalak'sha. No one knows what transpired between the two beings, but Lei Shen later emerged from the site bristling with the power to forge an empire. The keeper's fate -- and his current whereabouts -- remain a mystery.;0.5229250192642212,0.8104079961776733;362;1580;13;7176;515;0;2;12
832;Lei Shen;Tyrant. Dictator. Conqueror. Emperor. These titles of the Thunder King were earned by bringing absolute misery to every race of Pandaria. Resurrected into a world where his people no longer rule, Lei Shen is bent on ending the farce and bringing the land under his heel once more.;0.507502019405365,0.5100460052490234;362;1579;12;7237;514;0;0;-1
833;Commander Kolurg;Commander Kolurg sought dangerous treasures to add to the Horde armories. His anger at his misfortune in the Halls of Stasis will not be eased when he thaws to find Alliance adventurers stealing his thunder.;0.18715900182724,0.5061460137367249;281;3017;1;7428;129;0;4;-1
834;Grand Champions;The Lich King is relentless, his undead armies pouring forth to overwhelm his foes. To prepare would-be champions against him, Highlord Tirion Fordring presents a test of courage, endurance, and teamwork. His hardened veterans will weed out those who lack the stomach to face the ravening throngs of undead.;0.5122950077056885,0.5266389846801758;284;2022;2;7536;171;0;8;-1
846;Malkorok;Malkorok has been Garrosh's most loyal and trusted lieutenant throughout the Pandaria campaign. When the Warchief needed a volunteer to infuse with the power of Y'Shaarj, it was only natural that Malkorok would offer without hesitation.;0.41654300689697266,0.42392900586128235;369;1595;9;10217;563;0;0;-1
849;The Fallen Protectors;The Golden Lotus and Shado-Pan guardians of the Vale of Eternal Blossoms were caught in the epicenter of the devastating blast that scarred the Vale, and torn apart by the dark energies. Their spirits linger in the place they once protected, confused and tormented by their failure.;0.2580009996891022,0.1875929981470108;369;1598;2;7939;556;0;0;-1
850;General Nazgrim;Once a grunt in service of the former warchief, Thrall, General Nazgrim rose quickly through the ranks after overwhelming victories in Grizzly Hills and the sunken city of Vashj'ir. Fiercely loyal to the Horde and bound by a rigorous code of honor and duty, Nazgrim will hold the line for his warchief until his dying breath.;0.6525710225105286,0.7354660034179688;369;1603;8;10213;562;0;0;-1
851;Thok the Bloodthirsty;When the Isle of Giants was discovered off the coast of Pandaria, teeming with primal devilsaurs, Garrosh sent troops to capture some of the most fearsome specimens, hoping to subjugate them and use them as beasts of war. Countless orcish beastmasters have fallen to Thok's jaws as they struggle to tame him, yet the creature's thirst for blood remains unslaked.;0.513047993183136,0.8212699890136719;369;1599;11;10234;564;0;0;-1
852;Immerseus;The ancient inhabitants of Pandaria recognized the vital importance of the lifegiving Pools of Power, building an underground system of aqueducts to safeguard the waters and nurture life in the Vale of Eternal Blossoms. The touch of corruption has animated and twisted these waters, and Immerseus stands as an unnatural embodiment of the Vale's sorrow.;0.4195699989795685,0.4525989890098572;369;1602;1;8334;557;0;0;-1
853;Paragons of the Klaxxi;The nine surviving Klaxxi'va Paragons are ancient champions of the mantid who fought alongside the Wakener against the madness of Empress Shek'zeer. But the paragons, as do all mantid, hold a far deeper loyalty. When Garrosh unearthed the heart of Y'Shaarj, the paragons followed the whispers of their ancient master to the iron halls beneath Orgrimmar.;0.6834070086479187,0.35302799940109253;369;1593;13;10250;566;0;0;-1
856;Kor'kron Dark Shaman;Haromm and Kardris trained thousands of shaman to whisper reverently to the elements to requisition their aid. The army of Garrosh, however, does not ask - they take what they desire in the name of the True Horde. Dark Shamanism forces the elements into servitude, twisting them into burned-out ash, corrupted waters, and toxic air.;0.47516700625419617,0.6094570159912109;369;1606;7;10209;560;0;0;-1
857;Chi-Ji, The Red Crane;The trial of Chi-Ji is a test of hope. Uncertain of the future of his people, Emperor Shaohao sought out the great Red Crane. The Great Crane challenged Shaohao to find the hope within himself, and cast off his uncertainty. Once the Sha of Doubt was vanquished, the Emperor became a beacon of hope for his people. To pass the trial of the Crane, warriors must believe in hope, even in the darkest of days.;0.3554680049419403,0.48235300183296204;322;0;5;8150;554;119609;0;-1
858;Yu'lon, The Jade Serpent;The trial of Yu'lon is a test of wisdom and faith. With omens of a bleak future floating through his mind, Emperor Shaohao climbed to the summit of Mount Neverest to seek the council of the Jade Serpent. Yu'lon urged Shaohao to cast off the dark emotions that plagued him, and through his trials, Emperor Shaohao would become one with the land. To pass the trial of the Serpent, warriors must be wise in their choices.;0.42543599009513855,0.6220970153808594;322;0;6;8157;554;119609;0;-1
859;Niuzao, The Black Ox;The trial of Niuzao is a test of bravery and fortitude.  When Emperor Shaohao was overcome with fear, the Black Ox counseled him to face his fears directly. After a protracted battle with the Sha of Fear, the Emperor emerged victorious. To pass the trial of the Ox, warriors must be resolute in the face of overwhelming danger.;0.42486101388931274,0.4842120110988617;322;0;7;8162;554;119609;0;-1
860;Xuen, The White Tiger;The trial of Xuen is simultaneously a test of strength and a test of restraint. When Xuen gave Emperor Shaohao a 10-foot-pole and asked him to strike one of Xuen's warriors, the Emperor could not land a blow. For without restraint, anger and hatred run wild. To pass the trial of the Tiger, warriors must harness their power, while burying their thoughts of violence.;0.3579460084438324,0.6273339986801147;322;0;8;8166;554;119609;0;-1
861;Ordos, Fire-God of the Yaungol;Ordos was once a shaman of the Yaungol who sacrificed himself to the flame, following the promises of the Fire Lords, in order to become a demigod. His flesh is eternally seared with fires, putting him in endless agony. Yaungol Fire-Keepers ritualistically set themselves ablaze to emulate the ascension of Ordos, and cast enchantments and prayers to ease his pain.;0.5501580238342285,0.18126100301742554;322;0;9;8171;554;119609;0;-1
864;Iron Juggernaut;This mechanical terror, designed nearly as much for intimidation as destruction, is the centerpiece of Garrosh's siege weaponry. Crafted in the image of the mighty Kor'kron war scorpion, the Iron Juggernaut guards the gates of Orgrimmar, crushing any who would rise up to challenge Garrosh's True Horde.;0.30625298619270325,0.3855240046977997;369;1600;6;10205;559;0;0;-1
865;Siegecrafter Blackfuse;Helix Blackfuse was the only goblin with the combination of engineering prowess, professionalism, and ruthlessness to satisfy Garrosh in his search for the engineer of the True Horde. A mercenary at heart, Blackfuse's love for his creations (and the gold they fetch) has forever linked his fate with that of his patron and Warchief.;0.5878880023956299,0.4652880132198334;369;1601;12;10221;565;0;0;-1
866;Norushen;Some say that the mogu race was created in the image of this titanic construct, left deep beneath Pandaria to watch over and guard the continent's darkest and most dangerous secret.;0.5425900220870972,0.5923190116882324;369;1624;3;10139;558;0;0;-1
867;Sha of Pride;The seventh sha, the Sha of Pride, was the final burden to which Emperor Shaohao clung, shrouding the land in mist and biding its time for millennia. When Garrosh awakened the Heart of Y'Shaarj, the force of his arrogance caused this dark energy to coalesce in the chamber where the Heart was unearthed.;0.2934510111808777,0.6691290140151978;369;1604;4;10143;558;0;0;-1
868;Galakras;Warlord Zaela formed a close bond with Garrosh during events in the Twilight Highlands, and she and her Dragonmaw orcs have pledged loyalty to Garrosh's cause. Riding atop the fearsome Galakras, a direct descendant of the cataclysmic progenitor of all dragonkind, Zaela oversees the naval defense of Orgrimmar.;0.7720339894294739,0.2968980073928833;369;1622;5;10195;559;0;8;-1
869;Garrosh Hellscream;Garrosh, son of Grommash Hellscream, first learned of his father's heroism when Thrall encountered the young orc in Outland. The seeds of pride were planted. Garrosh spearheaded Horde victories in Northrend and, as Warchief, consolidated Horde power amidst the chaos of the Cataclysm. But his visions of orc supremacy by any means have brought the armies of the world crashing down upon Orgrimmar... a final reckoning that Garrosh himself awaits with brutal relish.;0.4943380057811737,0.7134420275688171;369;1623;14;9251;567;0;0;-1
870;Spoils of Pandaria;When Garrosh gazed across Pandaria, he saw untapped power. During the course of his campaign, Garrosh has plundered weapons, treasures, and artifacts of the pandaren, the mogu, and the mantid. They are kept in a warehouse deep within his underground base, guarded by a mysterious security system that appears to be of Titan origins.;0.5278189778327942,0.29246699810028076;369;1594;10;8350;564;0;0;-1
881;Galakras;Warlord Zaela formed a close bond with Garrosh during events in the Twilight Highlands, and she and her Dragonmaw orcs have pledged loyalty to Garrosh's cause. Riding atop the fearsome Galakras, a direct descendant of the cataclysmic progenitor of all dragonkind, Zaela oversees the naval defense of Orgrimmar.;0.7720339894294739,0.2968980073928833;369;1622;5;10199;559;0;4;-1
887;Roltall;Roltall is a fearsome elemental conjured by Gug'rokk himself and tethered to the threshold of Gug'rokk's chambers as a final bit of insurance in case of a slave revolt. The fiery creature keeps eternal vigil in its appointed place, calling down molten rock to repel any intruders.;0.4913550019264221,0.3479999899864197;385;1652;3;9735;573;0;0;-1
888;Slave Watcher Crushto;This cruel ogre taskmaster oversees the mining operation within the sweltering pits beneath Frostfire Ridge. Slaves from across Draenor are delivered to Crushto's care, who views them as expendable and will not hesitate to bludgeon them into submission (or worse) if they step out of line.;0.5902500152587891,0.5968379974365234;385;1653;2;9276;573;0;0;-1
889;Gug'rokk;Born in the capital of Highmaul, Gug'rokk was at first disdainful of his assignment as the governor of the Bloodmaul mines deep within Frostfire. Over time, however, he has come to appreciate the merits of operating on the outskirts of the Gorian Empire, with absolute control and minimal oversight.;0.6548089981079102,0.22727200388908386;385;1654;4;9829;573;0;0;-1
893;Magmolatus;The ogre geomancers of Frostfire pride themselves on harnessing the elements, but sometimes they overreach. Gog'duh has stoked the flames of his forge to new heights, driving Magmolatus into such a fury that it requires Gog'duh's full concentration to keep the raging slag elemental under control.;0.26482200622558594,0.5592889785766602;385;1655;1;9256;573;0;0;-1
895;Roogug;Quilboar society regards the reading of stones and crystals as the highest form of shamanism. Roogug served the Quilboar people for many years, quietly honing his divinative arts. He now serves the Quilboar as the overseer of all geomancers and has amassed a powerful array of crystals with which to dispose of weaker foes. It is only a matter of time before these mystics overrun the Southern Barrens.;0.872327983379364,0.41082900762557983;234;438;2;8667;301;0;0;-1
896;Hunter Bonetusk;If a hunter's accomplishments are measured by the trophies they return with, Bonetusk would be regarded as one of the best. His cunning aim and animalistic instincts brought his hunting and tracking abilities to new heights, and only the strong stand a chance to survive against this veteran hunter.;0.8073359727859497,0.5171800255775452;234;1656;1;8646;301;0;0;-1
899;Warlord Ramtusk;"The commander of the Razorfen military forces, Warlord Ramtusk is a massive aging Quilboar whose thick hide bears the scars of many battles with centaur, harpies, orcs, and even tauren. In his later years, Ramtusk has embraced the company of Quilboar spirit leaders; Aggem Thorncurse and Death Speaker Jargba guide his thoughts from the spirit realm.";0.5749390125274658,0.3059549927711487;234;1659;3;8660;301;0;0;-1
900;Groyat, the Blind Hunter;After years of seclusion, a monstrous creature from deep inside the dark grotto emerged. This gargantuan bat continually feeds on the boar once named Agathelos the Raging, whose dark power was once fueled by continual consumption of bat guano.;0.08939670026302338,0.5483989715576172;234;1660;4;8671;301;0;0;-1
901;Charlga Razorflank;"The leader (or ""crone"") of the Razorfen tribes is Charlga Razorflank, a quilboar whose experimental and powerful Geomancy practices are second to none. Her meteoric rise to power and the rapidly increasing violence between quilboar tribesmen can only lead to one thing: war.";0.2195969969034195,0.3116689920425415;234;1661;5;8682;301;0;0;-1
959;Blackhand;A ruthless tyrant and fierce warrior, Blackhand is Warlord of the Blackrock clan, second only to Grommash in stature within the Iron Horde. Bathed in sweltering heat that few other mortals could withstand,  Blackhand oversees the operations of his Foundry from atop its Crucible, wielding his smoldering slag hammer to forge weapons of peerless quality.;0.48491400480270386,0.3454880118370056;457;1704;10;9560;600;0;0;-1
965;Ranjit;Ranjit has spent a lifetime honing his skill with the bladed chakram, and found that as his mastery of the traditional arakkoa weapon grew, he could shape the wind itself and wield it against his enemies. He now guards access to the inner sanctum of Skyreach, willing to die to protect the seat of arakkoa power atop the Spires.;0.6334400177001953,0.38585200905799866;476;1698;1;9260;601;0;0;-1
966;Araknath;The high arakkoa of Skyreach closely observed the civilization of the draenei, taking a keen interest in the towering Vigilants that guard their cities and temples. The arakkoa set out to create their own superior version, powered by solar energy - an unwaveringly obedient engine of destruction.;0.5241159796714783,0.6125410199165344;476;1699;2;9264;601;0;0;-1
967;Rukhran;This majestic bird, rumored to be the progeny of the arakkoa sun-god Rukhmar, soars through the skies above the Spires of Arak. Rukhran has an affinity for solar energy, and can absorb the sun's power and unleash it to incinerate any prey.;0.4276530146598816,0.8199359774589539;476;1700;3;9268;601;0;0;-1
968;High Sage Viryx;High Sage Viryx has dedicated her rule wholly to harnessing Apexis artifacts in service of Rukhmar's will. At last, thanks to the completion of the massive crystal superweapon that focuses the sun's energy to destroy their enemies, it is time for the arakkoa to claim their rightful place as rulers of Draenor.;0.5112540125846863,0.2749199867248535;476;1701;4;9272;602;0;0;-1
971;The Butcher;Born in the fetid Underbelly of Highmaul, this ogre may have once had a proper name, but it is long forgotten. Abused and beaten from his earliest days, the hardship only strengthened his body even as it broke his mind. Now there is not an ogre in Highmaul who will not give him a wide berth as he hacks away at slaughtered carcasses to pass his days.;0.5784919857978821,0.5506799817085266;477;1706;2;9288;610;0;0;-1
1122;Beastlord Darmac;As a young orc, Darmac quickly rose through the ranks of the Thunderlord as a gifted trainer of beasts. Where others only saw animal instincts, he recognized intellect and drew forth untapped potential from brain and muscle and bone. When the Iron Horde demanded his service, Darmac saw no greater honor than to outfit and train the most savage beasts Draenor had to offer.;0.6630820035934448,0.7217739820480347;457;1694;3;9294;599;0;0;-1
1123;Flamebender Ka'graz;Under the banner of the Iron Horde, Blackhand has enlisted Flamebender Ka'graz of the Burning Blade to imbue the Blackrock-forged armaments with the essence of flame. Along with her assistant Aknor Steelbringer, Ka'graz toils before an everburning forge in support of the Iron Horde's conquest of Draenor.;0.19533999264240265,0.7688170075416565;457;1689;5;9336;596;0;0;-1
1128;Kargath Bladefist;"Kargath Bladefist, Warlord of the Shattered Hand, honed his brutal skills as a slave in the ogres' gladiatorial games. He slaughtered countless opponents for the promise of freedom, but after winning, was locked away with the other retired ""champions."" Fueled by rage, Kargath tore off his own hand to escape and led a revolt that soaked Draenor in ogre blood. Now, he returns to the arena to teach you the true meaning of savagery.";0.5475890040397644,0.5766379833221436;477;1721;1;9377;612;0;0;-1
1133;Skylord Tovra;Before the rise of the Iron Horde, Tovra had never ventured beyond the frigid tundra of Frostfire, where she led groups of Thunderlord trackers to snare and capture the fiercest rylaks on Draenor. Her mastery of rylaks has made Tovra an invaluable asset, and she now commands the aerial forces of the Iron Horde.;0.08649589866399765,0.5105419754981995;536;1736;3;9409;609;0;0;-1
1138;Rocketspark and Borka;Railmaster Pauli Rocketspark, chief foreman of the Grimrail Depot, has been enlisted by Garrosh Hellscream to build the technology required for the Iron Horde's infrastructure. Given the dim-witted assistant Borka to do the heavy lifting, Rocketspark set about building the Grimrail.;0.7138550281524658,0.5783129930496216;536;1715;1;9426;606;0;0;-1
1139;Sadana Bloodfury;Sadana Bloodfury is a powerful acolyte of the Shadowmoon clan, deeply connected to the lunar cycles. When the whispers of the dark star worked their way into the hearts of the Shadowmoon, Sadana followed her chieftain Ner'zhul into their clan's burial grounds, using her powers to lure the spirits of the dead for a twisted purpose.;0.5224270224571228,0.5105540156364441;537;1677;1;9460;574;0;0;-1
1140;Bonemaw;Deep within the subterranean caverns under Shadowmoon Valley, the carrion worm Bonemaw has a symbiotic relationship with Ner'zhul's followers: The creature feasts upon the dead left in the wake of the Shadowmoon cult's dark rituals, and in return it serves as a formidable guardian of Ner'zhul's inner sanctum.;0.39841699600219727,0.5145120024681091;537;1679;3;9461;575;0;0;-1
1141;Amnennar the Coldbringer;The lich Amnennar was once a force of reckoning within the Scourge, participating in the assault on Mount Hyjal during the Third War. Afterward, the Lich King instructed his servant to remain in Kalimdor and expand the Scourge's influence. This effort was thwarted by heroes of the Horde and Alliance, however. Now the relative peace that has been brought to Razorfen Downs may be threatened. Death Speaker Blackthorn hopes to revive this powerful lich and renew the assault on the Barrens.;0.4550899863243103,0.5823349952697754;233;1666;5;9484;300;0;0;-1
1142;Aarux;The Arachnomancers of the Death's Head cult are particularly proud of their efforts.  After many failed attempts they have finally created a suitable guardian for Death Speaker Blackthorn.  Aarux is a huge spider whose body bristles with toxin filled pustules that burst and ooze noxious liquids.  The Arachnomancers now await the opportune moment to unleash their creation.;0.5898200273513794,0.34281501173973083;233;1662;1;9491;300;0;0;-1
1143;Mushlump;A recent creation of Death Speaker Blackthorn, Mushlump is a grotesque collection of parts collected from other failed creations.  Full of bile, pus, and other noxious humors, Mushlump contaminates the halls leading to Death Speaker Blackthorn.;0.3453100025653839,0.664671003818512;233;1664;3;9496;300;0;0;-1
1144;Executioner Gore;As Aku'mai's power grows, the need for more sacrifices increases. Dragging screaming innocents to their deaths is Executioner Gore's specialty, and the Twilight's Hammer has been making great use of his services.;0,0;227;1670;6;9515;319;0;0;-1
1145;Thruk;Thruk brings many valuable qualities to the Twilight's Hammer, but intelligence is not among them. Convinced that slaying the Guardian of the Deep will reveal vast hoards of gold, Thruk's diminutive mind has no room to focus on anything else and he will fillet the flesh of anyone who breaks his concentration.;0,0;227;1675;4;9518;319;0;0;-1
1146;Death Speaker Blackthorn;Death Speaker Blackthorn rose quickly through the ranks of the Death's Head cult after the defeat of Amnennar the Coldbringer. Shortly after usurping control of the cult, Blackthorn began receiving dark whispers. These whispers promised power and riches beyond belief, if he could return Amnennar to life. Compelled by unnatural energies, Blackthorn discovered the location of Amnennar's Phylactery and has returned to Razorfen Downs to complete the ritual that will return his former master to life once more.;0.4301399886608124,0.6272460222244263;233;1665;4;9523;300;0;0;-1
1147;Operator Thogar;Known more for his cruelty and cleverness than for brute strength, Thogar oversees the operation of the Grimrail. From the Foundry's depot, he coordinates the ongoing ground battle against the draenei in Talador, with entire batallions of troops and artillery at his beck and call.;0.4613969922065735,0.22035199403762817;457;1692;6;9530;599;0;0;-1
1148;Twin Ogron;Guarding the entrance to the Gorthenon atop Highmaul, Pol and Phemos are the personal guard of Imperator Mar'gok. Peerless in strength and determination, what these ogron brothers lack in intelligence, they make up for with sheer size and brute force.;0.551048994064331,0.3637700080871582;477;1719;5;9586;613;0;0;-1
1153;Ko'ragh;Ko'ragh was the only ogre to survive direct exposure to a mysterious relic unearthed by the Highmaul excavations of Nagrand, and was left with a near-complete immunity to all magic. Rumors abound regarding his connection to the Imperator, with some wondering why Ko'ragh would remain subservient to a sorcerer despite his unique gifts.;0.3782449960708618,0.6545119881629944;477;1723;6;9631;613;0;0;-1
1154;The Blast Furnace;The Blackrock clan's unique ability to smelt the black ore, a substance so dense that ordinary flame does not even soften it, has always been their most closely-guarded secret. Deep within the Foundry, their furnace contains a primal force as old as Draenor itself, raging within the confines of its prison as it emanates a preternatural heat.;0.4596770107746124,0.5349460244178772;457;1690;7;9636;597;0;0;-1
1155;Hans'gar and Franzok;Hans'gar and Franzok are twin brothers raised and trained as masterful brawlers of their clan. Both carved paths of glory as warriors, but destiny had other plans. The brothers, each unwilling to slay the other in the rite of mak'gora, were banished from their clan and left for dead. They survived as outcasts in the savage wilds of Draenor, and when the Iron Horde called, these powerful warriors found a new home in the massive war machine.;0.4740149974822998,0.7674729824066162;457;1693;2;9843;596;0;0;-1
1160;Ner'zhul;Ner'zhul, chieftain and elder shaman of the Shadowmoon clan, sacrificed the heart and soul of his tribe in an attempt to join the Iron Horde. He has now retreated to his clan's ancient burial grounds as he ventures ever further along a dark path, embracing the power of the Void and the necromantic arts.;0.48284998536109924,0.4709770083427429;537;1682;4;9677;576;0;0;-1
1161;Gruul;Garrosh knew that the surest path to breaking the gronn lay in subjugating their great father, Gruul. Known in another time as the Dragonkiller, here Gruul has been reduced to the role of menial laborer. In a cruel mockery of the Shattered Hand's warrior tradition, his hand has been replaced with a hook to enable him to more easily haul pallets of fuel to the furnace.;0.39336898922920227,0.20564499497413635;457;1691;4;9681;597;0;0;-1
1162;Kromog;The magnaron are mysterious in their ways, ancient and inscrutable. Miners excavating an expansion to the Foundry, in support of the Iron Horde's massive production needs, were horrified to unearth a chamber containing a living magnaron. To their astonishment, Kromog began to assist in their endeavors, and now uses his massive stone fists to hammer out the gigantic plates needed for the Iron Horde's dreadnaughts and siege machinery.;0.33243700861930847,0.4314509928226471;457;1713;8;9692;596;0;0;-1
1163;Nitrogg Thundertower;With a zeal for flame and explosives, Nitrogg was a natural fit in the mechanized and weaponized army that Garrosh's plans brought to Draenor, and he has risen quickly through the Iron Horde. He oversees the artillery on the Grimrail, and is eager to break through the defenses around Shattrath and conquer the enemies of the Iron Horde within.;0.6506019830703735,0.5105419754981995;536;1732;2;9707;609;0;0;-1
1168;Nhallish;When Ner'zhul tore the fabric of reality and allowed the Void to spill into the ritual burial grounds of the Shadowmoon clan, the malefic spirit Nhallish came through that rift in search of souls upon which to feed. Ancient and born of pure darkness, Nhallish seeks to devour all life.;0.7889180183410645,0.7361479997634888;537;1688;2;9759;574;0;0;-1
1185;Vigilant Kaathar;The greatest warriors of the draenei may be called upon for one final service as they stand on the precipice of the afterlife: inhabiting one of the armored constructs that serve as the eternal protectors of Auchindoun and the draenei civilization on Draenor. This particular Vigilant is tasked with guarding the last remaining crystal that powers the shield around Auchindoun.;0.28922200202941895,0.33639800548553467;547;1686;1;9823;593;0;0;-1
1186;Soulbinder Nyami;Nyami is a draenei priestess, entrusted as a soultender with access to the holiest grounds within Auchindoun. However, her true loyalties lie with the Shadow Council, and she plots to bring down the barrier that protects the mausoleum from invaders.;0.49897998571395874,0.6795910000801086;547;1685;2;9830;593;0;0;-1
1195;Tectus;An ancient embodiment of the chaotic forces that shaped the terrain of Draenor, Tectus has been twisted and enslaved by the maddened Pale Orcs - who themselves barely maintain control over this imposing force of nature.;0.3702099919319153,0.7484549880027771;477;1722;3;10055;610;0;0;-1
1196;Brackenspore;The Iron Horde juggernaut moored in the waters beside Highmaul drew the attention of Brackenspore, ancient walker of the deep. The aquatic giant spreads fungal growth and moss in his wake, and is driven by primal instinct to eradicate any traces of civilization on Draenor.;0.5086529850959778,0.16440099477767944;477;1720;4;9976;610;0;0;-1
1197;Imperator Mar'gok;As the grand Imperator of Highmaul, Mar'gok is descended from a long line of sorcerers who have ruled the Gorian Empire. Equal parts cunning and brutality, Mar'gok recognized the rising tide of the Iron Horde and what it would mean to oppose them. He has acquiesced to an alliance with Grommash, even as he continues to search for a way to tip the balance of power back into his favor.;0.45302799344062805,0.7521629929542542;477;1705;7;9956;615;0;0;-1
1202;Oregorger;The storehouses of the Blackrock Foundry, laden with heaps and pallets of unprocessed Blackrock ore, represent a grand banquet feast for the ravenous rock-eating goren who have burrowed into the chamber. Oregorger is by far the largest of the invaders, gluttony swelling his frame far beyond the size of any goren previously seen in Draenor.;0.37186399102211,0.8239240050315857;457;1696;1;9960;597;0;0;-1
1203;The Iron Maidens;With little opportunity to exercise her tactical brilliance under the ancient social structure of the orc clans, Gar'an was thrilled to be one of the first warriors to volunteer for naval duty under the Iron Horde. Instantly successful in battle, she was named Admiral of the Iron Horde fleet and selected Marak and Sorka as her lieutenants. Together, they are called the Iron Maidens, and have crushed any who have dared face them in battle.;0.823477029800415,0.2836019992828369;457;1695;9;10006;596;0;0;-1
1207;Ancient Protectors;Gola and Telu, a pair of botani forest-tenders, spread creeping growth as they urge the forest to reclaim and swallow the ill-fated outpost in its midst. Guarding them as they perform this task is the terrible brute Dulhu, long ago a Blackrock clansman who wandered too far into primal woodlands, but now more plant than orc.;0.6569839715957642,0.23300300538539886;556;1757;2;10405;620;0;0;-1
1208;Archmage Sol;Archmage Sol was among the last holdouts of the Kirin Tor expedition at Violet Bluff, but ultimately succumbed to spores that took root in her brain. Perhaps a portion of her humanity remains buried deep within, but she now lives as a prisoner in her own body.;0.5580959916114807,0.35908499360084534;556;1751;3;10472;620;0;0;-1
1209;Xeri'tac;This venomous spider matriarch guards her brood in a cave deep in the hills of Gorgrond, trapping and devouring any prey foolish enough to wander near.;0.5976510047912598,0.12388300150632858;556;1752;4;10496;620;0;2;3
1210;Yalnu;Ancient and inscrutable, the genesaur Yalnu was drawn to the Kirin Tor outpost in Gorgrond by strange energies radiating from the bluff. For ages the genesaur have battled their eternal foes - the magnaron, the gronn, children of stone - to a stalemate across the world of Draenor. But in these emanations, Yalnu sensed a new world, where his kind could flourish and spread unchecked.;0.45010000467300415,0.8218569755554199;556;1756;5;10548;621;0;0;-1
1211;Tarlna the Ageless;It is said that before Tarlna arrived in Gorgrond, the entire region was a barren wasteland. It is said that verdant life springs up in the wake of each footstep of the ancient genesaur. It is said that the creature is immortal, renewed like a forest in the aftermath of a great blaze. Much is said of Tarlna, but little is truly known or understood.;0.47005999088287354,0.8592820167541504;557;0;2;10670;543;0;0;-1
1214;Witherbark;"Deep within the lush forests of Gorgrond, Witherbark has seen countless cycles of life and death, decay and rebirth. The upstart ""Iron Horde"" and the strange beings that seem to have arrived in their wake are just a new skin on an old snake. They will be gone soon. And Witherbark will endure.";0.5309479832649231,0.56489497423172;556;1746;1;10090;620;0;0;-1
1216;Azzakel;On Argus - the former homeworld of the draenei, now the stronghold of the Burning Legion - Azzakel waits, poised for a servant of the Legion to open a portal to one of the countless worlds they seek to invade. As Soulbinder Nyami lowers the defenses of Auchindoun, Azzakel senses that his moment is nigh.;0.7078319787979126,0.332832008600235;547;1678;3;10102;593;0;0;-1
1225;Teron'gor;Working alongside the Sargerei, Gul'dan's agent Teron'gor plots to feast upon the bounty of souls contained within the barriers of the holy mausoleum of Auchindoun.;0.4969879984855652,0.3357990086078644;547;1714;4;10160;593;0;0;-1
1226;Orebender Gor'ashan;A powerful elementalist with a natural affinity for shaping and channeling his powers through metal, Gor'ashan was part of the Iron Horde vanguard in their initial invasion of Azeroth. He bides his time waiting for further orders by attempting to unravel the secrets of the Dark Iron runes left behind by the Spire's creators.;0.3053889870643616,0.2679640054702759;559;1761;1;10238;617;0;0;-1
1227;Kyrak;One of the last remaining survivors of Nefarian's twisted experiments, Kyrak was spared by the Iron Horde and tasked with finding ways to preserve and fortify the few Black Dragonflight eggs remaining in the Spire Rookery. Iron Horde emissaries quickly struck a deal with the cunning dragon.;0.3902199864387512,0.38772499561309814;559;1758;2;10255;617;0;0;-1
1228;Commander Tharbek;A cunning warrior of the Warsong clan, Tharbek was entrusted with the task of leading the expeditionary Ironmarch assault through the Dark Portal. Following Garrosh's instructions, he made his way to the home of the Blackrock orcs in Azeroth to rally forces for the next phase of the operation.;0.48502999544143677,0.24550999701023102;559;1759;3;10271;618;0;0;-1
1229;Ragewing the Untamed;Ragewing is a gargantuan proto-drake raised in the Twilight Highlands by the Dragonmaw clan. Her indomitable spirit has kept her from being broken and used as a mount, although she has formed a close bond with Warlord Zaela herself, following her to Blackrock Spire and roosting in its cavernous halls.;0.46007999777793884,0.4625749886035919;559;1760;4;10285;618;0;0;-1
1234;Warlord Zaela;When Garrosh instructed the Ironmarch vanguard as to their mission in Azeroth, he urged them to rendezvous with an old ally whom he knew would be fierce, loyal, and thirsting for revenge: Zaela, Warlord of the Dragonmaw clan. Now, as she readies a doomsday weapon in the heart of Blackrock Mountain, her moment of vengeance draws near.;0.15070000290870667,0.48502999544143677;559;1762;5;10307;618;0;0;-1
1235;Fleshrender Nok'gar;This fierce Warsong warleader has risen rapidly through the ranks of the Iron Horde, and now commands a battalion of orcish soldiers. From atop his wolf Dreadfang, he surveys their drilling and preparation as they ready themselves to lead a naval assault on Shattrath.;0.4789150059223175,0.34186801314353943;558;1749;1;10432;595;0;0;-1
1236;Grimrail Enforcers;The Grimrail Enforcers are elite mercenaries in the employ of the Blackfuse Company, hired to protect the trains that run through Gorgrond. The trio consists of a Burning Blade swordsman, a goblin engineer, and a shaman who is versed in dark blood magic. The sole threads that bind them are greed and zeal for killing.;0.8022390007972717,0.7530120015144348;558;1748;2;10445;595;0;0;-1
1237;Oshir;Once a savage predator who prowled the Spires of Arak, feared and respected within his pride, the saberon Oshir fell into a Thunderlord snare and was brought to Gorgrond to be broken and trained as an Iron Horde combatant. Not a day passes that Oshir does not dream of tasting his captors' blood.;0.8042169809341431,0.17496900260448456;558;1750;3;10462;595;0;0;-1
1238;Skulloc;The mighty gronn Skulloc represents one of the great successes of the Iron Horde's subjugation of the giants of Gorgrond. Towering over the Grom'kar forces, and fitted with a pair of cannons that would feel at home on any ironclad warship, Skulloc stands ready to unleash destruction at the behest of his new masters.;0.6846960186958313,0.4366759955883026;558;1754;4;10423;595;0;0;-1
1262;Rukhmar;Rukhmar occasionally appears as a blazing firehawk soaring through the skies high above the Spires of Arak. The origins of the great bird are unknown, though Rukhmar is venerated as a deity by the arakkoa, seen as an embodiment of the sun itself.;0.47106099128723145,0.7845680117607117;557;0;3;10508;542;0;0;-1
1291;Drov the Ruiner;Drov was called Ruiner by the Blackrock clans of old, who quickly learned to give the fearsome magnaron a wide berth. Drov carves a swath of devastation where he walks, as though the earth itself senses his arrival and parts to make way.;0.4412829875946045,0.3992069959640503;557;0;1;10659;543;0;0;-1
1372;Gorefiend;Falling into the heart of the mausoleum Auchindoun, the Shadow Council lieutenant Teron'gor gorged upon hundreds of draenei souls, becoming a bloated abomination in the process. More than just an orc now, Teron'gor gave up his old name and has taken a new one: Gorefiend.;0.17614300549030304,0.45179200172424316;669;1783;6;11006;662;0;0;-1
1391;Fel Lord Zakuun;Speculated by some scholars of the Legion to be an evolved version of the common felguard, Fel Lords serve as enforcers in the direct service of Archimonde. Their cruelty is matched only by their brute force. Zakuun was set to a task that called upon both of these traits in equal measure: breaking the iron will of a stubborn and defiant orc chieftain of the Warsong Clan....;0.4987640082836151,0.1829420030117035;669;1777;9;11091;666;0;0;-1
1392;Kormrok;As ancient as Draenor itself, Kormrok once ruled Gorgrond, the creatures of the land slinking away from the giant magnaron's destructive fury. But then the Iron Horde came, trapping the behemoth and attempting to break his will. They were entirely unsuccessful... that is, until the rise of Gul'dan, and the fel power that Kormrok could not resist.;0.5222499966621399,0.45179200172424316;669;1787;3;11110;664;0;0;-1
1394;Tyrant Velhari;When Gul'dan brought his gift to the Sargerei, Velhari had already made her ambitions clear and risen through the ranks with brutal ferocity. Known to her enemies as the Tyrant, Velhari was one of the first to accept the fel touch, further enhancing her combat prowess. Velhari now bears a mockery of the holy symbol of the Naaru, signifying her conviction to the new order.;0.29357200860977173,0.5148329734802246;669;1784;11;11145;668;0;0;-1
1395;Mannoroth;Bloodthirsty and brutal, Mannoroth was Archimonde's most feared enforcer, until he was felled by a mighty blow from Grommash's blade. Even in death, his blood was used by Gul'dan to fuel a dark bargain with the Iron Horde and their allies. Gul'dan and his minions now seek to reanimate the shattered remains of Mannoroth, that he may continue to serve the Legion.;0.5107769966125488,0.4801250100135803;669;1795;12;11193;669;0;0;-1
1396;Kilrogg Deadeye;Kilrogg Deadeye, Warlord of the Bleeding Hollow, seized control of his clan after performing a ritual to learn of his death. With this knowledge, he led his clan fearlessly on countless campaigns, marching toward the glorious end he desires. Now, with demon blood coursing through his veins, Kilrogg awaits you in Hellfire Citadel, awaiting the moment of his death, or yours.;0.5123609900474548,0.3349809944629669;669;1786;5;11254;665;0;0;-1
1425;Iron Reaver;The schematics for the Iron Reaver were found in the workshop of Blackfuse himself after the fall of Orgrimmar, drawing inspiration from the mighty constructs of the Legion and designed to be the nefarious goblin's masterwork. The project was completed after his death, and represents the pinnacle of the Iron Horde's military might.;0.43367400765419006,0.5057399868965149;669;1785;2;11389;661;0;0;-1
1426;Hellfire Assault;With the aid of the mercenary Blackfuse company, the Iron Horde constructed devastating siege machinery in the shadow of Hellfire Citadel, to be used in the eventual assault upon Azeroth's capitals. With the tanks now retrofitted to use fel energy, Siegemaster Mar'tak awaits Gul'dan's command to begin the assault.;0.6096950173377991,0.45025500655174255;669;1778;1;11401;661;0;0;-1
1427;Socrethar the Eternal;The greatest warriors of the draenei have their souls imbued into gleaming constructs, serving as eternal Vigilants in defense of their people. Originally a member of the Council of Exarchs before his descent into darkness, Socrethar has perverted this holiest of rituals, and used a warped fel construct to preserve his soul after his defeat in Talador.;0.59517902135849,0.529666006565094;669;1794;8;11442;668;0;0;-1
1432;Hellfire High Council;Thousands of Iron Horde orcs accepted the blood of Mannoroth, but few grew as powerful as these three champions. Dia Darkwhisper, master of Void magic and an outcast of the Shadowmoon, rose quickly to power as the left hand of Gul'dan. Gurtogg, with his insatiable hunger for blood, emerged the victor in hundreds of trials by combat. He has met his match only once, fighting Blademaster Jubei'thos to a draw. Tainted with fel sickness, they serve Gul'dan as both Highguard and Council of War.;0.7175520062446594,0.6761429905891418;669;1798;4;11538;665;0;0;-1
1433;Shadow-Lord Iskar;After Iskar's efforts to resurrect Terokk and return to power ended in frustration, he was approached by Gul'dan with an offer and a promise to break the ancient curse of Sethe. No longer flightless, elevated from the shadows yet still a master of illusion and deception, Iskar's hour of vengeance is at hand.;0.40111199021339417,0.761434018611908;669;1788;7;11506;666;0;0;-1
1438;Archimonde;One of the original eredar who betrayed the draenei of Argus to take his place as the sinister hand of the dark titan Sargeras, Archimonde the Defiler commands the military might of the Burning Legion. He arrives in Draenor, reaching across space and time, to ensure that the invasion of Azeroth proceeds as planned, and that Gul'dan does not fail his Legion masters.;0.5840539932250977,0.5333750247955322;669;1799;13;11573;670;0;0;-1
1447;Xhul'horac;Summoned by Gul'dan from the depths of the Twisting Nether, Xhul'horac is one of most powerful of the Void Revenants - a race of parasitic void-beings that tear holes through the planes of reality, consuming and absorbing the energies and beings within. Gul'dan has twisted Xhul'horac, feeding him overwhelming Fel energy, and using his powers to tear open the portals through which he plans to rally the forces of the Burning Legion.;0.4839310050010681,0.5074160099029541;669;1800;10;11680;667;0;0;-1
1452;Supreme Lord Kazzak;Supreme Lord Kazzak has emerged from the Twisting Nether once again, watching over Gul'dan's efforts on behalf of the Burning Legion. He stands near the Throne of Kil'jaeden, the heart of the corruption that has befallen Tanaan Jungle.;0.47106099128723145,0.21539799869060516;557;0;4;11748;534;0;0;-1
1467;Tirathon Saltheril;Once ally to the Master, Tirathon made a bargain with the Legion in exchange for more power. Embittered after years of imprisonment, Tirathon is eager to dole out pain and suffering to whomever crosses his path. If that happens to be one of his former captors, then so much the better.;0.24495700001716614,0.569163978099823;707;1815;1;12067;710;0;0;-1
1468;Ash'golm;Ash'golm was one of Ragnaros' lieutenants who burned a violent scar across the forests of Kalimdor before the Wardens finally managed to bind him. Unable to fully destroy Ash'golm, the Wardens locked him in a prison of ice. Unfortunately, the recent incursion by the Legion has weakened the containment that kept Ash'golm frozen all these years....;0.46974098682403564,0.7917870283126831;707;1816;3;12095;711;0;0;-1
1469;Glazer;Like many demons of this type, Glazer can focus his gaze into a potent weapon against his enemies. The Wardens discovered that the creature's magical emissions could be reflected back to their source, to debilitating effect. They used this knowledge to ensnare the demon, and crafted a special prison of mirrors to contain its power. Until now.;0.6887620091438293,0.48270899057388306;707;1817;4;12386;711;0;0;-1
1470;Cordana Felsong;Traitor. Betrayer. Outcast. Cordana was among the vanguard that pursued Garrosh into the Dark Portal, fighting by Khadgar's side and working to thwart the influence of the Shadow Council. But Gul'dan's dark sorcery wormed its way into her heart, turning her into the warlock's ultimate pawn. Once a paragon of duty, she will now forever be known as the instrument of the Wardens' undoing.;0.5,0.7723339796066284;707;1818;5;12396;712;0;0;-1
1479;Serpentrix;The naga camped at the Eye of Azshara keep a healthy distance from its northern reaches. An ancient scaled beast makes its home in the shallows there, occasionally bursting forth with one if its many snake-like necks to devour nearby prey.;0.5634009838104248,0.3508650064468384;716;1813;4;12007;713;0;0;-1
1480;Warlord Parjesh;This fierce commander oversees the military might of the naga that have overrun Azsuna in search of the Tidestone of Golgonnath. He is second only to Athissa among the Hatecoil, and commands obedience with an equal measure of fear and respect.;0.5461099743843079,0.6837180256843567;716;1810;1;12020;713;0;0;-1
1485;Hymdall;Clad in gleaming golden armor, with an imposing frame that looks to have been chiseled from granite, Hymdall remains ever vigilant at the gates of the Halls of Valor. Tasked by Odyn to keep the unworthy from entering the Halls, with deadly storm drakes circling nearby ready to heed the call of his horn, he will never falter in his charge.;0.4789159893989563,0.39586499333381653;721;1805;1;12104;704;0;0;-1
1486;Hyrja;In life Hyrja was a warrior without equal, defending the Valkyra from all threats. Her valor and courage drew the attention of Eyir, a titan watcher.  Upon her death and ascension to the Halls of Valor Eyir has awarded Hyrja with her greatest honor, transformation into a Val'kyr.;0.6295179724693298,0.8478919863700867;721;1806;2;12044;704;0;0;-1
1487;Fenryr;In the Fields of the Eternal Hunt, the greatest vrykul champions keep their skills sharp, competing to see who can fell the largest beast. But man and beast alike give a wide berth to the fearsome worg Fenryr, true master of the Fields, who stalks his prey and pounces with unnerving quickness.;0.28313198685646057,0.7620480060577393;721;1807;3;12284;703;0;0;-1
1488;God-King Skovald;Gul'dan approached the vrykul king Skovald with a simple proposition: he could join the Legion and receive ultimate power, or he would see his people destroyed. Dreaming of conquest and glory, Skovald has taken up the Legion's offer, and been set to a single crucial task. He must claim the Aegis of Aggramar from Odyn in the Halls of Valor and deliver it to Gul'dan. Only then can his endless conquest begin.;0.5150600075721741,0.8253009915351868;721;1808;4;12128;705;0;0;-1
1489;Odyn;Odyn, a titan keeper, was empowered by the titan Pantheon to lead the titan-forged armies against the Old Gods. In the aftermath, he raised the Halls of Valor into the skies, assembling a force of the greatest vrykul champions to defend Azeroth. But when Ulduar fell into the clutches of Yogg-Saron, he was betrayed by Loken and cursed by Helya, now trapped within these halls for eternity.;0.5150610208511353,0.9457380175590515;721;1809;5;12331;705;0;0;-1
1490;Lady Hatecoil;This naga sea witch hails from a long line of Hatecoil nobility, favored by Queen Azshara herself. The waves and the skies heed her call, as she harnesses their power to crush any who would oppose the Hatecoil.;0.4596540033817291,0.5;716;1811;2;12048;713;0;0;-1
1491;King Deepbeard;Sailors tell of a behemoth that strides the ocean floor, surging from the depths to tear vessels apart with his bare hands. They say he wears the intact prow of a ship as a pauldron--as a trophy. Most listeners dismiss these reports as fools' tales, the product of too much grog.;0.68299800157547,0.5129680037498474;716;1812;3;12049;713;0;0;-1
1492;Wrath of Azshara;One of Azshara's most loyal handmaidens offered herself willingly to her Queen to serve as the instrument of her vengeance. Summoned by Hatecoil channelers as a last resort after Parjesh's failure, the terrifying Wrath of Azshara exists to wash away all landwalkers who would stand against her.;0.5778099894523621,0.5367439985275269;716;1814;5;12057;713;0;0;-1
1497;Ivanyr;Cut off from the power of the Nightwell and cast into the dark expanse of the Arcway, Ivanyr wandered aimlessly, slowly withering away, until he came upon a trove in the foundations beneath the great library of Suramar. He spends his days feverishly working to decipher the tomes there, feeding off the power of relics in the achives in order to sustain himself. But even as that magic sustains his body, his mind cracks and weakens.;0.16858799755573273,0.7528820037841797;726;1827;1;12261;749;0;0;-1
1498;Corstilax;"This massive construct patrols the tunnels beneath Suramar, searching for anomalies and correcting them. He has detected one such anomaly - a breach in one of the conduits that carries the power of the Nightwell - and works to repair it. But living outsiders wandering the tunnels are also an anomaly; one that Corstilax is empowered to remedy.";0.3933719992637634,0.776656985282898;726;1825;2;12187;749;0;0;-1
1499;General Xakal;When Gul'dan threatened Suramar with destruction if Elisande did not comply with his demands, those were not idle words. A Legion invasion force has burrowed into the tunnels beneath the city, and Xakal leads those forces. He awaits further command, ready at a moment's notice to surge forth and bring death and destruction to the streets of Suramar.;0.7521610260009766,0.5021610260009766;726;1828;3;12494;749;0;0;-1
1500;Nal'tira;This massive spider made its nest in the hollow beneath a great mana tree. Over the years, loose magical energies and runoff have warped the creature, imbuing Nal'tira with arcane energy that makes her perhaps the deadliest predator in the Arcway.;0.619596004486084,0.7485589981079102;726;1826;4;12692;749;0;0;-1
1501;Advisor Vandros;Vandros is one of Elisande's closest advisors, and an adept at harnessing the arcane magic of the Nightwell, second only to Elisande herself. He would not ordinarily venture into the Arcway himself, but after monitoring the state of the nightfallen resistance and their allies, he now feels the need to take matters into his own hands.;0.4841490089893341,0.3854469954967499;726;1829;5;12750;749;0;0;-1
1502;Ymiron, the Fallen King;Ymiron, one-time king of the vrykul of Northrend, was a mighty warrior held in awe by his people. The gates of the Halls of Valor awaited him in the afterlife. But, hungry for more power, he struck a dark bargain with the Lich King. When adventurers struck him down, he found the eternal Halls closed to him. And so, the damned king waits in purgatory on the shores of the Maw of Souls.;0.533719003200531,0.2629059851169586;727;1822;1;12143;706;0;0;-1
1512;Harbaron;The mysterious ferryman of souls stands at the helm of the Naglfar, gathering the damned and bringing them to Helya's domain. His connection with the fallen queen of the val'kyr is unclear, but when the breeze catches Harbaron's cloak, an expanse of shimmering stars unfolds beneath. Strange.;0.7249749898910522,0.5616419911384583;727;1823;2;12207;708;0;0;-1
1518;The Amalgam of Souls;Immense soul energy was released when Gul'dan conducted the ritual to sever Illidan's soul from his body at Black Rook Hold. This energy brought the souls of the Ravencrest clan back to their ancestral home - and residual soul energy has merged them into a massive monstrosity.;0.3915660083293915,0.6144570112228394;740;1832;0;12238;751;0;0;-1
1519;Lucifron;;0.6586329936981201,0.37499499320983887;741;663;1;0;232;0;0;-1
1520;Magmadar;;0.6943389773368835,0.23679299652576447;741;664;2;0;232;0;0;-1
1521;Gehennas;;0.3308759927749634,0.48533400893211365;741;665;3;0;232;0;0;-1
1522;Garr;;0.315093994140625,0.6896229982376099;741;666;4;0;232;0;0;-1
1523;Shazzrah;;0.5584059953689575,0.8526170253753662;741;667;5;0;232;0;0;-1
1524;Baron Geddon;;0.5239260196685791,0.7763199806213379;741;668;6;0;232;0;0;-1
1525;Sulfuron Harbinger;;0.8283020257949829,0.8254719972610474;741;669;7;0;232;0;0;-1
1526;Golemagg the Incinerator;;0.6886799931526184,0.576416015625;741;670;8;0;232;0;0;-1
1527;Majordomo Executus;;0.841509997844696,0.6528310179710388;741;671;9;0;232;0;0;-1
1528;Ragnaros;;0.5622649788856506,0.5339630246162415;741;672;10;0;232;0;0;-1
1529;Razorgore the Untamed;;0.41928499937057495,0.6024379730224609;742;610;1;0;287;0;0;-1
1530;Vaelastrasz the Corrupt;;0.33281901478767395,0.2753709852695465;742;611;2;0;287;0;0;-1
1531;Broodlord Lashlayer;;0.5057510137557983,0.6174759864807129;742;612;3;0;289;0;0;-1
1532;Firemaw;;0.46439799666404724,0.42950698733329773;742;613;4;0;289;0;0;-1
1533;Ebonroc;;0.3491100072860718,0.20958299934864044;742;614;5;0;289;0;0;-1
1534;Flamegor;;0.3553760051727295,0.37123700976371765;742;615;6;0;290;0;0;-1
1535;Chromaggus;;0.39422300457954407,0.7264999747276306;742;616;7;0;290;0;0;-1
1536;Nefarian;;0.7037460207939148,0.72461998462677;742;617;8;0;290;0;0;-1
1537;Kurinnaxx;;0.5635070204734802,0.3574340045452118;743;718;1;0;247;0;0;-1
1538;General Rajaxx;;0.5840200185775757,0.4912799894809723;743;719;2;0;247;0;0;-1
1539;Moam;;0.32863500714302063,0.36051100492477417;743;720;3;0;247;0;0;-1
1540;Buru the Gorger;;0.6978660225868225,0.620510995388031;743;721;4;0;247;0;0;-1
1541;Ayamiss the Hunter;;0.6168410181999207,0.9051259756088257;743;722;5;0;247;0;0;-1
1542;Ossirian the Unscarred;;0.42914900183677673,0.6958950161933899;743;723;6;0;247;0;0;-1
1543;The Prophet Skeram;;0.45786601305007935,0.5220490097999573;744;709;0;0;320;0;0;-1
1544;Battleguard Sartura;;0.44555899500846863,0.33589598536491394;744;711;2;0;319;0;0;-1
1545;Fankriss the Unyielding;;0.6229950189590454,0.21897299587726593;744;712;3;0;319;0;0;-1
1546;Princess Huhuran;;0.4353030025959015,0.5035880208015442;744;714;5;0;319;0;0;-1
1547;Silithid Royalty;;0.28453299403190613,0.49743399024009705;744;710;1;0;319;0;0;-1
1548;Viscidus;;0.721455991268158,0.1789730042219162;744;713;4;0;319;0;0;-1
1549;The Twin Emperors;;0.6065840125083923,0.6974340081214905;744;715;6;0;319;0;0;-1
1550;Ouro;;0.3019689917564392,0.8189719915390015;744;716;7;0;319;0;0;-1
1551;C'Thun;;0.5706869959831238,0.6251260042190552;744;717;8;0;321;0;0;-1
1552;Servant's Quarters;;0.596409022808075,0.28769299387931824;745;0;0;0;350;0;0;-1
1553;Attumen the Huntsman;;0.45281898975372314,0.8261539936065674;745;652;1;0;350;0;0;-1
1554;Moroes;;0.2712799906730652,0.6353849768638611;745;653;2;0;352;0;0;-1
1555;Maiden of Virtue;;0.834384024143219,0.5000420212745667;745;654;3;0;353;0;0;-1
1556;Opera Hall;;0.1810230016708374,0.3507699966430664;745;655;4;0;353;0;0;-1
1557;The Curator;;0.4948689937591553,0.3661549985408783;745;656;6;0;358;0;0;-1
1559;Shade of Aran;;0.7164070010185242,0.260001003742218;745;658;7;0;359;0;0;-1
1560;Terestian Illhoof;;0.5256379842758179,0.6969239711761475;745;657;8;0;360;0;0;-1
1561;Netherspite;;0.3594839870929718,0.41846200823783875;745;659;9;0;362;0;0;-1
1562;Chess Event;;0.3594839870929718,0.6169229745864868;745;660;10;0;363;0;4;-1
1563;Prince Malchezaar;;0.5143560171127319,0.3092310130596161;745;661;11;0;366;0;0;-1
1564;High King Maulgar;;0.5502550005912781,0.5707690119743347;746;649;0;0;330;0;0;-1
1565;Gruul the Dragonkiller;;0.19948600232601166,0.2830770015716553;746;650;1;0;330;0;0;-1
1566;Magtheridon;;0.6917949914932251,0.7430769801139832;747;651;0;0;331;0;0;-1
1567;Hydross the Unstable;;0.3635900020599365,0.8476920127868652;748;623;0;0;332;0;0;-1
1568;The Lurker Below;;0.40256398916244507,0.5815380215644836;748;624;1;0;332;0;0;-1
1569;Leotheras the Blind;;0.41794899106025696,0.25538501143455505;748;625;2;0;332;0;0;-1
1570;Fathom-Lord Karathress;;0.5041030049324036,0.17692400515079498;748;626;3;0;332;0;0;-1
1571;Morogrim Tidewalker;;0.5964099764823914,0.260001003742218;748;627;4;0;332;0;0;-1
1572;Lady Vashj;;0.7225630283355713,0.589231014251709;748;628;5;0;332;0;0;-1
1573;Al'ar;;0.5010259747505188,0.5876920223236084;749;730;0;0;334;0;0;-1
1574;Void Reaver;;0.26407501101493835,0.49068599939346313;749;731;1;0;334;0;0;-1
1575;High Astromancer Solarian;;0.7400000095367432,0.4892300069332123;749;732;2;0;334;0;0;-1
1576;Kael'thas Sunstrider;;0.5009989738464355,0.13846099376678467;749;733;3;0;334;0;0;-1
1577;Rage Winterchill;;0.12769199907779694,0.6338459849357605;750;618;0;0;329;0;0;-1
1578;Anetheron;;0.08564069867134094,0.6815379858016968;750;619;1;0;329;0;0;-1
1579;Kaz'rogal;;0.4241029918193817,0.3584609925746918;750;620;2;0;329;0;0;-1
1580;Azgalor;;0.35743600130081177,0.37846100330352783;750;621;3;0;329;0;0;-1
1581;Archimonde;;0.772819995880127,0.2830759882926941;750;622;4;0;329;0;0;-1
1582;High Warlord Naj'entus;;0.4394870102405548,0.18765099346637726;751;601;0;15578;340;0;0;-1
1583;Supremus;;0.6630759835243225,0.4738459885120392;751;602;1;15588;339;0;0;-1
1584;Shade of Akama;;0.4097430109977722,0.8892300128936768;751;603;2;15599;341;0;0;-1
1585;Teron Gorefiend;;0.3943580090999603,0.1184609979391098;751;604;3;15628;343;0;0;-1
1586;Gurtogg Bloodboil;;0.5399990081787109,0.47692200541496277;751;605;4;15645;342;0;0;-1
1587;Reliquary of Souls;;0.6138439774513245,0.8507680296897888;751;606;5;15661;342;0;0;-1
1588;Mother Shahraz;;0.6753829717636108,0.3676910102367401;751;607;6;15687;344;0;0;-1
1589;The Illidari Council;;0.4733319878578186,0.43845999240875244;751;608;7;15700;345;0;0;-1
1590;Illidan Stormrage;;0.5276910066604614,0.7046129703521729;751;609;8;15731;346;0;0;-1
1591;Kalecgos;;0.3061540126800537,0.5107690095901489;752;724;0;0;335;0;0;-1
1592;Brutallus;;0.658972978591919,0.8646150231361389;752;725;1;0;335;0;0;-1
1593;Felmyst;;0.7276909947395325,0.8261529803276062;752;726;2;0;335;0;0;-1
1594;The Eredar Twins;;0.6415659785270691,0.32100000977516174;752;727;3;0;335;0;0;-1
1595;M'uru;;0.4671800136566162,0.23846200108528137;752;728;4;0;336;0;0;-1
1596;Kil'jaeden;;0.46000000834465027,0.6169229745864868;752;729;5;0;336;0;0;-1
1597;Archavon the Stone Watcher;;0.49334999918937683,0.16873799264431;753;1126;0;0;156;0;0;-1
1598;Emalon the Storm Watcher;;0.6271929740905762,0.5530589818954468;753;1127;1;0;156;0;0;-1
1599;Koralon the Flame Watcher;;0.3632889986038208,0.5516250133514404;753;1128;2;0;156;0;0;-1
1600;Toravon the Ice Watcher;;0.6271510124206543,0.36376699805259705;753;1129;3;0;156;0;0;-1
1601;Anub'Rekhan;;0.3069249987602234,0.469884991645813;754;1107;0;0;163;0;0;-1
1602;Grand Widow Faerlina;;0.4417249858379364,0.3608990013599396;754;1110;1;0;163;0;0;-1
1603;Maexxna;;0.6864659786224365,0.15296399593353271;754;1116;2;0;163;0;0;-1
1604;Noth the Plaguebringer;;0.34612199664115906,0.5645310282707214;754;1117;3;0;165;0;0;-1
1605;Heigan the Unclean;;0.49817198514938354,0.4569779932498932;754;1112;4;0;165;0;0;-1
1606;Loatheb;;0.7601649761199951,0.28352299332618713;754;1115;5;0;165;0;0;-1
1607;Instructor Razuvious;;0.4274689853191376,0.45990899205207825;754;1113;6;0;164;0;0;-1
1608;Gothik the Harvester;;0.6750779747962952,0.5961419939994812;754;1109;7;0;164;0;0;-1
1609;The Four Horsemen;;0.301272988319397,0.7682250142097473;754;1121;8;0;164;0;0;-1
1610;Patchwerk;Patchwerk want to play!;0.5411919951438904,0.41688698530197144;754;1118;9;0;162;0;0;-1
1611;Grobbulus;;0.6157619953155518,0.5315470099449158;754;1111;10;0;162;0;0;-1
1612;Gluth;;0.4629240036010742,0.43827199935913086;754;1108;11;0;162;0;0;-1
1613;Thaddius;;0.2658570110797882,0.14579200744628906;754;1120;12;0;162;0;0;-1
1614;Sapphiron;;0.5651329755783081,0.6750140190124512;754;1119;13;0;167;0;0;-1
1615;Kel'Thuzad;;0.3653239905834198,0.2232930064201355;754;1114;14;0;167;0;0;-1
1616;Sartharion;;0.5057359933853149,0.47705501317977905;755;1090;0;0;155;0;0;-1
1617;Malygos;;0.384321004152298,0.49856600165367126;756;1094;0;0;141;0;0;-1
1618;The Northrend Beasts;;0.5115140080451965,0.5273730158805847;757;1088;0;0;172;0;0;-1
1619;Lord Jaraxxus;;0.46371299028396606,0.4054799973964691;757;1087;1;0;172;0;0;-1
1620;Champions of the Alliance;;0.42833998799324036,0.5273730158805847;757;1086;2;0;172;0;8;-1
1621;Champions of the Horde;;0.42833998799324036,0.5273730158805847;757;1086;2;0;172;0;4;-1
1622;Twin Val'kyr;;0.46371299028396606,0.6492660045623779;757;1089;3;0;172;0;0;-1
1623;Anub'arak;;0.5325459837913513,0.3552890121936798;757;1085;4;0;173;0;0;-1
1624;Lord Marrowgar;;0.39105498790740967,0.5933380126953125;758;1101;0;0;186;0;0;-1
1625;Lady Deathwhisper;;0.39105498790740967,0.869979977607727;758;1100;1;0;186;0;0;-1
1626;Icecrown Gunship Battle;;0.21992699801921844,0.5501909852027893;758;1099;2;0;187;0;4;-1
1627;Icecrown Gunship Battle;;0.690500020980835,0.5501909852027893;758;1099;2;0;187;0;8;-1
1628;Deathbringer Saurfang;;0.515421986579895,0.21605999767780304;758;1096;3;0;188;0;0;-1
1629;Festergut;;0.1989780068397522,0.6548740267753601;758;1097;4;0;190;0;0;-1
1630;Rotface;;0.1989780068397522,0.41825899481773376;758;1104;5;0;190;0;0;-1
1631;Professor Putricide;;0.13110099732875824,0.5329819917678833;758;1102;6;0;190;0;0;-1
1632;Blood Prince Council;;0.5201600193977356,0.14149099588394165;758;1095;7;0;190;0;0;-1
1633;Blood-Queen Lana'thel;;0.5115990042686462,0.435467004776001;758;1103;8;0;191;0;0;-1
1634;Valithria Dreamwalker;;0.7668139934539795,0.7366780042648315;758;1098;9;0;190;0;0;-1
1635;Sindragosa;;0.3663249909877777,0.2318979948759079;758;1105;10;0;189;0;0;-1
1636;The Lich King;;0.49929600954055786,0.5287430286407471;758;1106;11;0;192;0;0;-1
1637;Flame Leviathan;This massive armored tank guards the courtyard entrance in Ulduar. The watcher Mirmiron constructed the Flame Leviathan as part of his V0-L7R-0N weapons platform.;0.49330800771713257,0.3867120146751404;759;1132;0;17182;147;0;0;-1
1638;Ignis the Furnace Master;Like the other titan-forged creations in Ulduar, Ignis now serves the twisted will of the Old God Yogg-Saron. This imposing fire giant toils over the Colossal Forge, creating the iron armies that will conquer Azeroth in Yogg-Saron's name.;0.3833650052547455,0.2662529945373535;759;1136;1;17236;147;0;0;-1
1639;Razorscale;Veranus, broodmother of the proto-drakes in the Storm Peaks, served the keeper Thorim until she was captured by Loken and twisted into a vicious weapon. Under his master's orders, Ignis the Furnace Master fused iron plates onto Razorscale's hide to enhance her deadly strikes.;0.5458459854125977,0.2648189961910248;759;1139;2;17251;147;0;0;-1
1640;XT-002 Deconstructor;Engineered to patrol the Ulduar scrapyard, Mimiron invested his clockwork creation with a rudimentary intellect that suited his duties. XT-002 has come to look upon himself as the keeper's son, and often throws tantrums like a petulant child.;0.48861101269721985,0.14149199426174164;759;1142;3;17281;147;0;0;-1
1641;The Assembly of Iron;The iron legions of Loken are commanded by three fearsome generals, each representing a different titan-forged race. Stormcaller Brundir, Runemaster Molgeim, and the giant Steelbreaker fight in the name of the keeper's true master, the malevolent Yogg-Saron.;0.15695500373840332,0.5644059777259827;759;1140;4;17306;148;0;0;-1
1642;Kologarn;Loken commanded Ignis the Furnace Master to fashion this towering giant to guard the Shattered Walkway. His massive arms allow Kologarn to pulverize any intruders attempting to reach the inner sanctum.;0.37206000089645386,0.1335809975862503;759;1137;5;17330;148;0;0;-1
1643;Auriaya;Ulduar's archivist patrols the Observation Ring accompanied by ferocious cats. Years of solitude have weighed heavily on Auriaya, and the Old God's growing power seems to have destroyed the last shreds of her sanity.;0.512594997882843,0.5715749859809875;759;1131;6;17346;149;0;0;-1
1644;Hodir;The giant Hodir once presided over the Temple of Winter, lending his guidance to the frost giants in the Storm Peaks. Now the watcher dwells in an ice cave in the Halls of Winter, forced to serve the will of Yogg-Saron.;0.6703799962997437,0.6389740109443665;759;1135;7;17441;149;0;0;-1
1645;Thorim;For years, Thorim believed that ice giants had murdered his beloved wife Sif. Thorim turned his wrath upon his allies and fell into despair. When he learned that his brother Loken was responsible for the crime, Loken captured Thorim and brought him to Ulduar, where the Old God clouded the keeper's mind.;0.7220050096511841,0.4855329990386963;759;1141;8;17520;149;0;0;-1
1646;Freya;The watcher Freya has served as protector of all living things, aided by three stoic elders. Though her conservatory remains lush and verdant, she too has succumbed to the Old God's maddening whispers;0.5336689949035645,0.22884100675582886;759;1133;9;17375;149;0;0;-1
1647;Mimiron;A brilliant innovator, Mimiron has crafted countless mechanisms throughout the history of Azeroth that have inspired awe and wonder. But since falling under Loken's disturbed influence, this watcher of Ulduar has only constructed machines of war and destruction.;0.4361959993839264,0.41239699721336365;759;1138;10;17579;151;0;0;-1
1648;General Vezax;Strange creatures known as faceless ones lurk in the depths of Ulduar. One of their mightiest commanders, General Vezax, guards the twisted passages leading to the Prison of Yogg-Saron.;0.5671280026435852,0.6029970049858093;759;1134;11;17637;150;0;0;-1
1649;Yogg-Saron;"The lucid dream. The monster in your nightmares. The fiend of a thousand faces.

All must bend to the master's will. Your petty quarrels only make him stronger.";0.6837630271911621,0.39936399459838867;759;1143;12;17653;150;0;0;-1
1650;Algalon the Observer;Loken's death triggered a warning to the titan Pantheon that Azeroth had lost its Prime Designate. Algalon the Observer has been dispatched to evaluate the presence of systemic corruption. If necessary, the constellar will trigger the re-origination of the entire world, wiping out all its current inhabitants.;0.7928329706192017,0.45822200179100037;759;1130;13;0;148;54460;2;0
1651;Onyxia;;0.6723700165748596,0.30988600850105286;760;1084;0;0;248;0;0;-1
1652;Halion;;0.49135398864746094,0.5357879996299744;761;1150;0;0;200;0;0;-1
1653;Illysanna Ravencrest;The daughter of Lord Ravencrest, imprisoned for millennia in the Vault of the Wardens shortly after the War of Ancients, found herself free after Maiev released the demon hunters from their prison. Returning to her ancestral home, she has sacrificed everything - including her very soul - to defend what she could not during the War of the Ancients.;0.610929012298584,0.5912089943885803;740;1833;1;12273;752;0;0;-1
1654;Archdruid Glaidalis;Glaidalis was once known as among the most talented shapeshifters in all of Azeroth, and the elders of Moonglade would regularly send their most promising disciples to his care for instruction. But as has sadly too often been the case, those who are closest to nature are often the first to fall into the Nightmare's clutches.;0.24324600398540497,0.6103479862213135;762;1836;1;12293;733;0;0;-1
1655;Oakheart;An ancient who formed from an offshoot of Shaladrassil itself, Oakheart has survived the Sundering, the Cataclysm, and countless blights. The ancient was able to weather these storms by drawing strength from the essence of the Dream itself. But now, that wellspring has become his undoing.;0.4363290071487427,0.45472800731658936;762;1837;2;12299;733;0;0;-1
1656;Dresaron;Once a young green drake, tending to whelps in the shadow of the great world tree, Dresaron is now engulfed in nightmare, lost in a fog of hatred and fear. He lashes out with powerful wings and a withering breath, unleashing his rage on any who stumble into his clutches.;0.6582319736480713,0.46121200919151306;762;1838;3;12307;733;0;0;-1
1657;Shade of Xavius;Once a powerful mage, and a councilor to Queen Azshara, Xavius forged a pact with Sargeras to enable the Legion's first invasion of Azeroth. Cursed and tormented in the wake of that defeat, Xavius now projects his true power from the Nightmare into our world, focusing his dark might to break the spirit of his old rival, Malfurion.;0.8124099969863892,0.8567450046539307;762;1839;4;12313;733;0;0;-1
1662;Rokmora;Ularogg Cragshaper's unfinished masterpiece, Rokmora, a massive crystal fury constructed to annihilate all who stand against the Underking. The wild magic used to create this behemoth has yet to take hold, imbuing any piece of Rokmora, attached or not, with Ularogg's malevolent will to crush his enemies.;0.6547859907150269,0.47099098563194275;767;1790;1;12341;731;0;0;-1
1663;Helya;Helya, fallen queen of the val'kyr, was once at Odyn's right hand, raising the spirits of vrykul champions to the Halls of Valor to prepare for the final battle for the fate of Azeroth. But following Loken's betrayal, she was persuaded to join him and turn upon her master. She now lurks in the shadowy realm beneath the world, plotting her revenge.;0.09431129693984985,0.5616409778594971;727;1824;3;12354;708;0;0;-1
1664;Smashspite the Hateful;A brutal, imposing Mo'arg Lieutenant, Smashspite the Hateful led the Legion's invasion of Black Rook Hold and commanded defense of the keep from the air via his colony of felbats.;0.7711589932441711,0.23253999650478363;740;1834;2;12376;754;0;0;-1
1665;Ularogg Cragshaper;"Ularogg Cragshaper, an ancient drogbar that has committed his life to the pursuit of power. Through violence and deception, Ularogg rose to become the Underking's trusted advisor. He detests Navarogg for bringing ""intruders"" into their home and will take pleasure in bringing about their violent end.";0.453902006149292,0.5558919906616211;767;1791;2;12433;731;0;0;-1
1667;Ursoc;Ursoc is one of the Wild Gods. Patron of the furbolg, and closely linked to the druidic power of shapeshifting, the ancient great bear has long been a protector of Azeroth. But as Ursoc slumbered at his shrine in the Grizzly Hills, the world around him was plunged into corruption, and he awoke to torment and nightmare, consuming and twisting his being.;0.47845399379730225,0.29847899079322815;768;1841;4;12459;786;0;0;-1
1672;Lord Kur'talos Ravencrest;Kur'talos Ravencrest, Lord of Black Rook Hold, was the commander of the Kal'dorei Resistance during the War of the Ancients until he was assassinated by Varo'then under the orders of Queen Aszhara. Millennia later, Gul'dan's foul soul magic has awoken Ravencrest's soul, and those of his ancestors, from their eternal repose. The Legion, seeking revenge, gleefully forced his soul into his body and mesmerized him, forcing him to eternally relive the horrors of the War of Ancients.;0.37428200244903564,0.4531640112400055;740;1835;3;12498;756;0;0;-1
1673;Naraxas;Naraxas, mother of monsters, has been worshipped by the drogbar since the Age of Neltharion. Constant sacrifices are made to this creature so she can nurture the generations of horrors the drogbar use against their enemies. One way or another, you must pass through this beast and strike at the Underking before this terror is unleashed on Highmountain.;0.3139309883117676,0.40397098660469055;767;1792;3;12518;731;0;0;-1
1686;Mindflayer Kaahrj;This eldritch creature was captured in the depths of Ulduar, ensared as it lapsed into a catatonic state after the defeat of Yogg-Saron. Since Dalaran arrived at the Broken Isles, the monstrosity has mysteriously awakened, and only the powerful wards of the Violet Hold keep its powers in check.;0.7406349778175354,0.46037501096725464;777;1846;2;12575;732;0;0;-1
1687;Dargrul the Underking;Dargrul is the most powerful Underking since the age of Neltharion. Certain that only he has the right to wield the power of Khaz'goroth, Dargul murdered High Chieftain Ulan and seized the artifact from the Highmountain tauren. Now, he uses the Hammer's power to devastate the region and any who oppose him.;0.17085100710391998,0.7006880044937134;767;1793;4;12584;731;0;0;-1
1688;Millificent Manastorm;An engineering genius of undeniable prowess, Millificent Manastorm seems to be the complete opposite of her husband Millhouse. Smart and resourceful, she is a force to be reckoned with.;0.40634000301361084,0.41570600867271423;777;1847;2;12607;732;0;0;-1
1693;Festerface;Professor Putricide had many experiments seized when Icecrown Citadel fell. At best guess, Festerface appears to be a failed prototype that predated the construction of the professor's two most notorious creations: Rotface and Festergut.;0.341499000787735,0.27737700939178467;777;1848;1;12640;732;0;0;-1
1694;Shivermaw;Rumored to be one of Sindragosa's own brood, this fearsome frost wyrm was captured from the Frostwing Halls of Icecrown Citadel, where the forces of the Lich King labored to create these winged abominations.;0.6757929921150208,0.6858789920806885;777;1845;1;12659;732;0;0;-1
1695;Inquisitor Tormentorum;Of all the foul creatures that serve the Legion, the hooded inquisitors are perhaps the most mysterious, and most menacing. Tormentorum arrived in the aftermath of the initial assault upon the vault. As he drifts through the halls of the Vault, his gaze piercing the shadows in search of some vital secret, even other demons give him a wide berth.;0.47262299060821533,0.4935159981250763;707;1850;2;12668;711;0;0;-1
1696;Anub'esset;Anub'esset, one of the few remaining ancient Nerubian crypt lords, was captured by the Kirin Tor during the invasion of Icecrown Citadel and imprisoned in Violet Hold. Set free during the Legion's invasion, his thoughts turn only to revenge against the living.;0.6682419776916504,0.25597700476646423;777;1852;2;12675;732;0;0;-1
1697;Sael'orn;These origins of these arachnid demons are not fully understood - scholars who have studied the Legion speculate that they are the remnants of a forgotten race on a world long ago conquered by the armies of Sargeras. Sael'orn is a particularly vicious specimen, and has been tasked with leading the infiltration of Dalaran.;0.4500960111618042,0.18153700232505798;777;1851;3;12696;732;0;0;-1
1702;Blood-Princess Thal'ena;Blood-Princess Thal'ena is the daughter of the powerful San'layn Queen Lana'thel. She has been locked inside Violet Hold since the Northrend campaign, suffering the gnawing pain of her eternal hunger. Now that her cell has opened, she intends to feed on the world.;0.309798002243042,0.5648419857025146;777;1855;1;12720;732;0;0;-1
1703;Nythendra;Nythendra was once a member of the Green Dragonflight charged with guarding the world tree, Shaladrassil. When Xavius' corruption of the Nightmare consumed Shaladrassil, it consumed the sleeping guardian as well. Nythendra is now nothing more than a skeletal version of herself, swarming in pestilence, ready to devour anyone or anything foolish enough to enter her lair.;0.5532320141792297,0.5019009709358215;768;1853;1;12735;777;0;0;-1
1704;Dragons of Nightmare;The Emerald Dream was entrusted to Ysera for safekeeping, and the mightiest of her green dragon brood were assigned to stand watch over four portals that connected directly to Azeroth. But even before the Cataclysm, these dragons began to show signs of corruption. Now, the path to the Nightmare's core runs through the dragons' lair.;0.3694550096988678,0.4790869951248169;768;1854;5;12764;781;0;0;-1
1706;Skorpyron;Deep within the foundations of the Nighthold, beneath the sea, lie long-forgotten vaults that give access to the Nightwell itself. This monstrous armored scorpid has made its home in one of these vaults. Infused with the power of the Nightwell, and surrounded by a teeming brood, Skorpyron presents a serious complication to an otherwise-promising back entry to the Nighthold.;0.3226349949836731,0.6096370220184326;786;1849;1;12817;764;0;0;-1
1711;Fel Lord Betrug;This ruthless Legion commander stands ready to lead an invasion of Dalaran from within its walls.;0.5139920115470886,0.17586499452590942;777;1856;3;12870;732;0;0;-1
1713;Krosus;This colossal doom lord, one of the largest and mightiest creatures in the armies of the Legion, was defeated at the Broken Shore through the combined might of the greatest heroes of the Horde and the Alliance. Having recovered from his wounds, Krosus emerges from the bay between the Nighthold and the Tomb of Sargeras to crush any who would oppose the Legion.;0.7415779829025269,0.9202979803085327;786;1842;6;12905;766;0;0;-1
1718;Patrol Captain Gerdo;Captain of the Duskwatch, Gerdo has devoted his life to keeping the peace within the walls of Suramar. Though he has a growing unease since the arrival of the Legion, he remains faithful and loyal to the leadership of Suramar. Elisande has safeguarded them for generations, and she knows what is best for the people of the city. Tonight, Gerdo's task is to ensure that only citizens with the proper credentials are able to enter a gathering of particular importance at the manor.;0.3167630136013031,0.2485630065202713;800;1868;1;12928;761;0;0;-1
1719;Talixae Flamewreath;A sadistic eredar sorcerer, even as she understands the importance of the nightborne to her master's plans, Talixae chafes at the indignity of standing guard over a building full of elves. Nevertheless, she and her lieutenants remain vigilant, and while they live, no intruders will disrupt the gathering.;0.5772389769554138,0.5751850008964539;800;1869;2;12933;761;0;0;-1
1720;Advisor Melandrus;First Blade of the Grand Magistrix, Melandrus rarely leaves Elisande's side. He has eschewed the magical arts, instead harnessing the power of the Nightwell to heighten his reflexes and his movements to inhuman levels.;0.6454399824142456,0.766228973865509;800;1870;3;12938;763;0;0;-1
1725;Chronomatic Anomaly;The cavern at the base of the Nightwell is a maelstrom of raw energy, as the power to fuel an entire civilization courses from the earth. Born from this chaotic flux, the Chronomatic Anomaly is an embodiment of the power of the Eye of Aman'thul. As it lashes out with energy attacks, the bursts of energy warp the very flow of time.;0.5238280296325684,0.4741150140762329;786;1865;2;12955;764;0;0;-1
1726;Xavius;Once a powerful mage, and a councilor to Queen Azshara, Xavius forged a pact with Sargeras to enable the Legion's first invasion of Azeroth. Cursed and tormented in the wake of that defeat, Xavius plots vengeance against the world from within the Rift of Aln. Those who venture into the Nightmare will face the full extent of his power, and his true form - a grotesque and distended monstrosity.;0.4885930120944977,0.48479101061820984;768;1864;7;12965;788;0;0;-1
1731;Trilliax;Trilliax, once proud servant to the nightborne aristocracy, has been discarded and left to slowly deteriorate among other surplus constructs. While an unwavering will to carry out its tasks remains, the passage of time has splintered this construct's personality matrix. It now unpredictably switches from one mode to the next, ranging from doting caretaker to homicidal sterilizer, craving recognition and validation from a master that no longer exists.;0.415365993976593,0.19802799820899963;786;1867;3;12999;764;0;0;-1
1732;Star Augur Etraeus;The nightborne astromancer Etraeus has devoted long years of research to scouring the skies of Azeroth, seeking answers to the great mysteries of the universe. His scrying has shown him worlds beyond our ken, and the power of the Nightwell allows him to draw upon the essence of those worlds to amplify his own powers.;0.36935099959373474,0.20665599405765533;786;1863;8;13025;769;0;0;-1
1737;Gul'dan;The chain of events set in motion when Garrosh escaped to Draenor has continued, unbroken for all its twists and turns, leading to this very moment. Thwarted in Draenor, Gul'dan now stands on the precipice of achieving ultimate victory on behalf of his Legion masters. Standing atop the Nighthold, as the vortex of fel energy swirls in the skies overhead, the outcast orc warlock awaits his destiny.;0.49529701471328735,0.5198469758033752;786;1866;10;13107;772;0;0;-1
1738;Il'gynoth, Heart of Corruption;Lodged in the hollows of a now-decrepit world tree, Il'gynoth is a manifestation of the horrors that lie at the heart of the Nightmare. It is a mass of corruption - a thing that should not be. Its tendrils seep through the ground, emerging in countless horrifying eyestalks and limbs.;0.48352301120758057,0.4828900098800659;768;1873;2;13179;780;0;0;-1
1743;Grand Magistrix Elisande;Elisande once distinguished herself by resisting the Legion. She and her highborne followers broke away from Queen Azshara and the dark path she was taking, harnessing the power of the Eye of Aman'thul to create the Nightwell to protect Suramar from the Sundering. But over ten thousand years later, the Legion's arrival offered her no such recourse. She has cast her lot with the demons, hoping to once again use the power of the Nightwell - albeit this time in a very different sense - to save her people.;0.45973700284957886,0.4568609893321991;786;1872;9;13218;770;0;0;-1
1744;Elerethe Renferal;Elerethe, once a mighty druid and adept shapeshifter, was led down a dark path by the belief that she was betrayed by her closest allies. Her consciousness now resides in the nightmare, damning her to an existence of fear, confusion, and hatred.;0.3314320147037506,0.6140679717063904;768;1876;3;13254;779;0;0;-1
1749;Nithogg;The great dragon Nithogg was once of the Thorignir, having left the brood shortly after they swore fealty to the titan keepers. Nithogg believed that one day he would be more powerful than even the keepers, and refused to be their subject. Instead, he took up roost in the mountain Nastrondir, where he raises his brood and terrorizes the nearby lands whenever the mood strikes him.;0.2934289872646332,0.3505060076713562;822;0;10;13322;449;0;16;-1
1750;Cenarius;The demigod Cenarius is the father of druidism in Azeroth, and one of Azeroth's oldest and most powerful protectors. His disturbing slumber within the groves of Val'sharah was the first sign of the depth of the growing threat from within the Nightmare. That dark power now has complete hold over him, and he may lie beyond hope of redemption.;0.6001269817352295,0.3346010148525238;768;1877;6;13335;787;0;0;-1
1751;Spellblade Aluriel;Aluriel always had an affinity for magic. She rose through the ranks of the Nightguard effortlessly, having a natural talent with the sword. But no matter how strong she became, she wanted more. She studied with the mages at the University of Suramar, spending her days in combat training and her evenings in the artificery. She forged her weapons and armor in the Nightwell, weaving magic spells into the precious metals. She is the first Spellblade, adept in the schools of Fire, Frost and Arcane.;0.3940019905567169,0.396467000246048;786;1871;4;13398;766;0;0;-1
1756;The Soultakers;Sent by Helya to raid the crypts of noble vrykul kings, this trio of raiders and their crew has found their way into the Tomb of the Old Kings and seek to claim the souls that rest there.;0.6906329989433289,0.26705101132392883;822;0;13;13422;449;0;16;-1
1761;High Botanist Tel'arn;From his youth, the nightborne Tel'arn was fascinated by plant life: the resilience and adaptability of weeds, the ability of simple grass to harness the power of the sun, the way a tree may be divided into two, or two branches grafted into one. Aided by the energies of the Nightwell, he has transformed himself to the point that he is scarely recognizable as a nightborne elf. He now considers himself something far, far greater.;0.6585869789123535,0.34470099210739136;786;1886;7;13675;767;0;0;-1
1762;Tichondrius;The dreadlord Tichondrius, once leader of the nathrezim, was once slain by the newly-awakened power of none other than Illidan Stormrage. Reconstituted in the Twisting Nether, Tichondrius returns to watch over Gul'dan on behalf of the Legion, ensuring that the orc warlock does not once again fail his masters.;0.2649959921836853,0.639277994632721;786;1862;5;13504;768;0;0;-1
1763;Shar'thos;This guardian of the glades has been beset by the Nightmare's corruption. Where once he breathed life into the woods, he now leaves a trail of decay and destruction in his wake.;0.5632709860801697,0.41742101311683655;822;0;11;13530;449;0;16;-1
1764;Chess Event;;0.3594839870929718,0.6169229745864868;745;660;10;0;363;0;8;-1
1769;Levantus;Her abyssal slumber disturbed, Levantus surfaced to find the isles teeming with strange demons. The fel magic seeping into the surrounding waters have left her in an extremely ornery mood.;0.43510401248931885,0.6637179851531982;822;0;7;13556;449;0;16;-1
1770;Humongris;Humongris has always had the dream of wielding magic. After finding he had no aptitude in the arcane arts, Humongris instead settled for wielding a wizard. Humongris sought out and captured the mage Padawsen and now wields him as a wand, using threats of violence and a tightening grip to hurl magic around the battlefield.;0.4276910126209259,0.45563098788261414;822;0;6;13585;449;0;16;-1
1774;Calamir;A being of immense magical power, Calamir was called forth by the ancient exemplars in their howling rage. Imbued with the powers of Fire, Frost, and Arcane, Calamir eradicates those who dare to stand in his way.;0.5663719773292542,0.6747789978981018;822;0;3;13635;449;0;16;-1
1783;Na'zak the Fiend;The alpha of the Fal'dorei, this terrifying monstrosity lurks deep within the Falanaar Tunnels. As he churns through the rubble, he uncovers ley-infused stones and feeds upon their arcane energy to sustain himself, biding his time for more worthy prey.;0.42787599563598633,0.46198800206184387;822;0;9;13704;449;0;16;-1
1789;Drugon the Frostblood;Drugon the Frostblood has terrorized the tribes of Highmountain from atop its frozen peaks for ages. Now, seeing opportunity in the chaos, this powerful ettin descends from his perch to claim the region for himself.;0.3640489876270294,0.4877850115299225;822;0;4;13722;449;0;16;-1
1790;Ana-Mouz;This foul imp mother rests deep within Felsoul Hold, immersed in a pool of pure Fel energy. Her children swarm around her, as she soaks in the fetid air and corrupts anything that comes within her grasp.;0.3153049945831299,0.666592001914978;822;0;0;13735;449;0;16;-1
1795;Flotsam;Flotsam emerged from the ocean depths to sate his hunger. The first to cross his path were the swamp murlocs of Shipwreck Cove, which Flotsam devoured by the dozens. Despite consuming most of their tribe, these creatures worshipped the giant as a god, and continued feeding him family and friends until the beast passed out. When he awakens, Flotsam will expand his menu to include everyone within the region.;0.5,0.5;822;0;5;13841;449;0;16;-1
1796;Withered J'im;Cast out from the sanctuary of Suramar, this nightfallen wandered the coastline as his body deteriorated, and his sanity along with it. Just as he was about to lose the last vestiges of personhood, he sensed a radiating energy from a nearby cave. Within, he found a shard of power originating from the Nightwell itself. It sustains and empowers him, but also warps the flow of time and space nearby. It has broken his mind completely. Now, no one enters the cave of Withered J'im. Even fools know better.;0.4943090081214905,0.5316600203514099;822;0;14;13857;449;0;16;-1
1817;Shade of Medivh;So great was the power of the Last Guardian, Medivh, that his magic still echoes through the halls of Karazhan. Some of these echoes take the shape of visions, revealing past events to the tower's guests. Others assume more malevolent forms, recalling a time when the Guardian's will was not his own.;0.7322729825973511,0.4703420102596283;860;1965;8;14350;818;0;0;-1
1818;Mana Devourer;Rarely does the sight of a mana wyrm cause a seasoned adventurer concern. These small, simple creatures float about, consuming stray pockets of arcane energy. But in Karazhan, tables are often turned, and what at first glance appears harmless may be revealed as an enormous threat.;0.5698450207710266,0.530813992023468;860;1959;9;13989;819;0;0;-1
1819;Odyn;In ages past, Odyn led the titan-forged armies against the Black Empire of the Old Gods. But for millennia he has been confined to the Halls of Valor by the curse of his bitter nemesis, Helya. Odyn seeks mortal champions to vanquish the ruler of Helheim and secure his freedom.;0.5164340138435364,0.8167669773101807;861;1958;1;13998;807;0;0;-1
1820;Opera Hall: Wikket;Are villains born evil, or do they fall into wickedness due to the influence of others? Perhaps considering this quandary from the hozen point of view will offer enlightenment...;0.17789700627326965,0.3077250123023987;860;1957;1;14045;812;0;0;-1
1825;Maiden of Virtue;Arriving in Karazhan to cleanse the tower of vice and corruption, the titan watcher was infuriated by Medivh's infamous parties and debaucheries. As her crusade for virtue seeks converts to her cause, the Maiden remains committed to purging immorality using all the powers at her disposal.;0.8360729813575745,0.5;860;1954;4;14102;812;0;0;-1
1826;Opera Hall: Westfall Story;Amidst the carnage of rival gangs battling for the turf of Westfall, two lovers from very different worlds fight for happiness. It is said that love is blind... but does it also need a translator?;0.17789700627326965,0.3508630096912384;860;1957;2;14113;812;0;0;-1
1827;Opera Hall: Beautiful Beast;Cursed to take the form of a beastly monster, Brute must find true love before he loses his life to the dark magic that transformed him. Will he learn proper table manners in time to win the heart of the fair Bella?;0.17461000382900238,0.39153701066970825;860;1957;3;14138;812;0;0;-1
1829;Helya;Though she once served as Odyn's right hand, the vengeful Helya will stop at nothing to ensure her ancient curse binds the titan keeper to the Halls of Valor. No longer satisfied with ruling her shadowy realm, Helya now commands her vast kvaldir army to plague the lands of the living.;0.3595460057258606,0.2386309951543808;861;2008;3;14208;808;0;0;-1
1830;Guarm;Helya's vicious three-headed hound stands guard at the gates of Helheim. Bred to require neither comfort nor sleep, Guarm remains ever-watchful for any invaders who come to challenge the reign of his cruel mistress.;0.506509006023407,0.31603899598121643;861;1962;2;14233;808;0;0;-1
1835;Attumen the Huntsman;Once charged with hunting game for his master's feasts, Attumen now sets his sights on a very different kind of quarry. Ever wary of those seeking to steal his famed steed, Midnight, Attumen unleashes his well-honed fighting skills against all intruders.;0.4531640112400055,0.8278570175170898;860;1960;5;14296;809;0;0;-1
1836;The Curator;The Curator safeguards the Menagerie from unwelcome guests, terminating trespassers who seek to plunder the secrets of Karazhan. Though assembled by Medivh himself, the guardian construct has deteriorated over time, becoming prone to energy overloads and erratic behavior.;0.4860309958457947,0.7058349847793579;860;1964;6;14318;817;0;0;-1
1837;Moroes;Moroes, the steward of Karazhan, dotes upon his master's dinner guests within the grand Banquet Hall. Eternally devoted to the care of the tower, he dispatches impolite party crashers with cruel efficiency.;0.2712799906730652,0.6390830278396606;860;1961;5;14355;811;0;0;-1
1838;Viz'aduum the Watcher;The all-seeing Viz'aduum was commanded by Kil'jaeden to capture Karazhan and tap into the tendrils of ley energy woven through the tower. Should he succeed in anchoring the structure to the myriad of worlds held by the Legion, the Dark Titan's army will overrun Azeroth and leave little more than a smoldering husk.;0.5319870114326477,0.5363659858703613;860;2017;10;14408;822;0;0;-1
1856;Harjatan;Harjatan was trained from birth to demolish his enemies. Through a conquest of savage brutality, he gathered throngs of cave dwelling murlocs who see him as a god. Now, the naga brute merely has to bark a command and hordes of devout followers set themselves to task.;0.4588649868965149,0.6989309787750244;875;2036;2;14637;851;0;0;-1
1861;Mistress Sassz'ine;Mistress Sassz'ine has spent a lifetime binding the denizens of the ocean to her dark will. With this power, she summons nightmares from the briny depths to wash away any who dare challenge her.;0.8477640151977539,0.8607339859008789;875;2037;5;14587;851;0;0;-1
1862;Goroth;As punishment for past failures, Goroth's flesh is marred with searing wounds. With every movement this behemoth makes, his flesh crackles and hisses with unending torment, a scourge he is happy to inflict upon those who oppose him.;0.45100000500679016,0.5669999718666077;875;2032;0;14614;850;0;0;-1
1867;Demonic Inquisition;Anticipating the arrival of mortal forces invading the Tomb of Sargeras, Kil'jaeden has called on his best captors, Atrigan and Belac, to lock down the interlopers and prevent them from using the Pillars to advance deeper into the dungeon.;0.44995999336242676,0.16249999403953552;875;2048;1;14641;850;0;0;-1
1872;Grand Magistrix Elisande;Elisande once distinguished herself by resisting the Legion. She and her highborne followers broke away from Queen Azshara and the dark path she was taking, harnessing the power of the Eye of Aman'thul to create the Nightwell to protect Suramar from the Sundering. But over ten thousand years later, the Legion's arrival offered her no such recourse. She has cast her lot with the demons, hoping to once again use the power of the Nightwell - albeit this time in a very different sense - to save her people.;0.45973700284957886,0.4568609893321991;786;1872;9;14659;770;0;2;0
1873;Fallen Avatar;When Aegwynn defeated the Avatar of Sargeras, she was unable to destroy his avatar. In an effort to seal it away, the armor was entombed beneath the Temple of Elune, where it remained dormant for hundreds of years. Now, with the Legion tearing down the tomb's barriers, Kil'jaeden is in a position to reanimate the armor and unleash its power on Azeroth.;0.5049899816513062,0.1882539987564087;875;2038;8;14705;854;0;0;-1
1878;Mephistroth;Mephistroth orchestrates the Legion's invasion from the Broken Shores. With the forces of Azeroth pushing against his front line, Mephistroth has fallen back to the Cathedral of Eternal Night, where he will employ all his cunning to ensure the heroes fail in securing the Aegis of Agrammar.;0.5283970236778259,0.23022300004959106;900;2039;4;14759;849;0;0;-1
1883;Brutallus;The pit lord Brutallus is a veteran of many battles, including the most recent battle at the Sunwell. His tactics are rarely sophisticated, often relying on pure force to dominate enemy armies.;0.5,0.5;822;0;2;14791;759;0;16;-1
1884;Malificus;A creature of pure malice, Malificus incites terror in the hearts of all those who oppose him. Portents of his arrival come in the form of mass panics among citizens, and death cults celebrating the end of days.;0.5,0.5;822;0;8;14802;759;0;16;-1
1885;Si'vash;Si'vash commands the fury of the sea, bringing its power to bear on those too close to shore. Her fierce Si'vashi Honor Guard travel with her across Azeroth's oceans, eager for vulnerable harbors to destroy.;0.8801159858703613,0.30921098589897156;822;0;12;14805;449;0;16;-1
1896;The Desolate Host;Once, this was a sacred burial site for the Night Elves, but the Legion has twisted these grounds with the Engine of Souls. This foul machine draws upon the energy of the dead, twisting them into abominations. Due to this corruption, these tormented spirits have become monstrosities, looking to feed on any who descend into the tomb's depths.;0.5879300236701965,0.20204399526119232;875;2054;6;14851;852;0;0;-1
1897;Maiden of Vigilance;Charged by Aegwynn to defend the Tomb of Sargeras, the Maiden of Vigilance has stood watch for hundreds of years. Yet, the guardian did not forsee what effect the avatar's seeping fel energy would have on this titan construct. Slowly warped by this maleficence, the Maiden now seeks to destroy any in her path.;0.5024999976158142,0.26506099104881287;875;2052;7;16381;853;0;0;-1
1898;Kil'jaeden;Since striking the bargain that chased the draenei into the stars, Kil'jaeden believed the Legion could not be stopped. Yet, none of his deceptions have prevented you from reaching this critical moment. Infuriated that Sargeras' promise of victory has never come to pass, the demon lord prepares to face you himself, for a final battle that will shape Azeroth's destiny forever.;0.7279350161552429,0.44578298926353455;875;2051;9;14917;856;0;0;-1
1903;Sisters of the Moon;The Sisters of the Moon served as wardens for the temple long before the avatar of Sargeras was buried beneath it. Even in death, the sisters maintained their vigil, but over the millennia something twisted their ability to distinguish friend from foe. Their madness slowly consumed them, and now any who enter their sacred chambers are put to death.;0.5189999938011169,0.5724999904632568;875;2050;4;14981;852;0;0;-1
1904;Domatrax;With the Aegis of Aggramar socketed back into its cradle, Domatrax leads an onslaught of demons to destroy the relic.;0.5229880213737488,0.46348899602890015;900;2053;3;15007;849;0;0;-1
1905;Agronox;This ancient served the night elves priestesses of the Temple of Elune, tending the beautiful Hanging Gardens. But after the malevolence of the Legion infected the Cathedral, the guardian absorbed fel energy through his roots. Now the twisted Agronox spreads corruption throughout the sanctuary he once protected, believing he has finally achieved his ideal state.;0.5527390241622925,0.4391480088233948;900;2055;1;15028;846;0;0;-1
1906;Thrashbite the Scornful;Smashspite's detestable brother, Thrashbite, has been dispatched to wipe out the mortals entering the cathedral's grand library. The dimwitted mo'arg lacks any respect for knowledge or learning, feeling petty satisfaction as he crashes through ancient artifacts and tramples priceless tomes.;0.5243409872055054,0.5851929783821106;900;2057;2;15032;847;0;0;-1
1956;Apocron;Built by the Legion thousands of years ago, Apocron has heralded the end for countless civilizations. With each world conquered, the reaver's power grows, ensuring the next realm it encounters will be put to flame.;0.6096490025520325,0.6118419766426086;822;0;1;15308;449;0;16;-1
1979;Zuraal the Ascended;Zuraal represents the Shadowguard's first success at creating a void-infused Broken whose mind has not fallen into madness. A renowned brawler in his past life, Zuraal uses his newfound dark strength to empower his attacks and decimate his foes.;0.2460850030183792,0.7265130281448364;945;2065;1;15861;903;0;0;-1
1980;Saprish;The ever-tactical Saprish deploys the forces of the Shadowguard with calculated precision. Though a skilled commander and strategist, Saprish relishes taking a direct hand in battle. He turns his foes' weaknesses against them, leaving his vulnerable adversaries at the mercy of his voracious pets.;0.30536898970603943,0.367451012134552;945;2066;2;16066;903;0;0;-1
1981;Viceroy Nezhar;"Like others of his ilk, Viceroy Nezhar is obsessed with harnessing the power of the Void to serve his own ambitions. Drawn to the Seat of the Triumvirate by the immense darkness emanating from deep within, Nezhar will stop at nothing to claim it for his own.

Given the viceroy's experiments at infusing vessels with the power of shadow, the implications of what he might accomplish on Argus are dire indeed.";0.501118004322052,0.16610799729824066;945;2067;3;15919;903;0;0;-1
1982;L'ura;"When Velen and his followers fled Argus aboard the Genedar, the naaru L'ura stayed behind to buy the draenei time to escape. Kil'jaeden, enraged by this betrayal, ordered the wounded naaru sealed away in the Seat of the Triumvirate.

Over the long millennia that passed, L'ura fell from Light to Void. Her elegant song of courage and hope became a shadowy dirge of despair, luring those seeking to lay claim to her power.";0.6219210028648376,0.3322159945964813;945;2068;4;15996;903;0;0;-1
1983;Varimathras;"As one the dreadlords overseeing the Legion's forces during the Third War, Varimathras failed to stop the rebellious Lich King. He submitted to an ill-fated alliance with Sylvanas Windrunner, then made one last bid for power before facing a humiliating defeat.

In payment for his blunders, Varimathras has been tortured by the Coven of Shivarra. The vindictive sisters stripped away both flesh and sanity, leaving only a singular desire to inflict suffering upon the mortals who cost him everything.";0.5162060260772705,0.8130189776420593;946;2069;8;15825;916;0;0;-1
1984;Aggramar;"Once the noble Avenger of the Pantheon, Aggramar was struck down by Sargeras and reborn as a titan of destruction. He now stands at the core of Argus, guarding a power that could unmake the universe.

Not even demons are permitted to tread within the titan's halls, and any mortals bold enough to trespass will be reduced to cinders by Aggramar's burning blade, Taeshalach.";0.24193599820137024,0.54032301902771;946;2063;9;15790;917;0;0;-1
1985;Portal Keeper Hasabel;Portal Keeper Hasabel maintains the nexus through which the Legion has unleashed its insidious armies upon countless worlds. With portals that open to a myriad of strategic locations throughout the Great Dark Beyond, Hasabel is capable of bringing the might of the Legion's arsenal to bear upon any who oppose her.;0.43548399209976196,0.5112900137901306;946;2064;4;15803;911;0;0;-1
1986;The Coven of Shivarra;"Having proven themselves to be the most depraved and fanatical of all his followers, Sargeras entrusted the Coven with the unholy task of twisting the minds of the fallen titans into an unstoppable Dark Pantheon.

Each sister employs her own signature brand of torture, eliciting screams which echo throughout the halls of Antorus. It is said that neither mortal nor demon can refuse their whispers, making it only a matter of time before the will of the titans is broken.";0.32150599360466003,0.5274189710617065;946;2073;8;15826;915;0;0;-1
1987;Felhounds of Sargeras;"Infused with fire and shadow, F'harg and Shatug are the prized pets of Sargeras. Bred for carnage, these hounds delight in eviscerating their master's enemies.

With the Army of the Light and their allies advancing upon Antorus, the Legion prepares to unleash these vicious creatures onto the battlefield and put an end to the mortals' invasion.";0.4129030108451843,0.5354840159416199;946;2074;2;15832;909;0;0;-1
1992;Garothi Worldbreaker;Constructed deep within the core of Argus and outfitted with an arsenal capable of decimating worlds, this war machine has been designed for a single purpose: to bring the mortals' invasion to its knees.;0.7275519967079163,0.5873950123786926;946;2076;1;15906;909;0;0;-1
1997;Antoran High Command;"Long ago in the golden age of eredar civilization, a council was formed to oversee the defense of Argus and maintain peace. But after their dark bargain was struck with Sargeras, these master tacticians used their military expertise to help orchestrate a Burning Crusade that ravaged countless worlds.

Now the full might of the Legion's army is theirs to command, and they wield this terrible power to annihilate all who oppose the Dark Titan's will.";0.41182801127433777,0.46612900495529175;946;2070;3;16041;910;0;0;-1
2004;Kin'garoth;"The design of every Legion war machine stems from the depraved mind of Kin'garoth. Obsessed with crafting implements of death, Kin'garoth infused his very body into the production machinery so he could more efficiently churn out a never-ending supply of destruction.

At the behest of the Legion's dark master, Kin'garoth's fevered brilliance has developed a new super-weapon which he plans to unleash upon the Army of the Light.";0.8003849983215332,0.49937400221824646;946;2088;7;16139;914;0;0;-1
2009;Imonar the Soulhunter;The infamous Imonar serves as the Legion's bloodhound, capable of tracking prey across the cosmos. With a vast array of gadgets and traps at his disposal, Imonar has yet to lose a bounty... and he certainly doesn't intend to sully his perfect record by failing to fulfil his latest contract.;0.17634400725364685,0.5016130208969116;946;2082;6;16200;914;0;0;-1
2010;Matron Folnuna;Matron Folnuna destroys worlds by infecting them with her spawn. These vile creatures spread like a plague over the landscape, corrupting and devouring anything in their path.;0.5962030291557312,0.6534780263900757;959;0;0;16228;929;0;0;-1
2011;Mistress Alluradel;All those who gaze upon Mistress Alluradel fall under her sinister control. She commands victims of her dominance to inflict gruesome torments upon themselves. A thrall's only hope of escape is death, and Alluradel will not allow that release until their agonized screams have ceased to amuse her.;0.44879499077796936,0.48644599318504333;959;0;0;16247;928;0;0;-1
2012;Inquisitor Meto;Inquisitor Meto's mastery over fel magic is rivaled by few in the Legion. Meto uses this power to sow chaos and destruction across the cosmos, leaving countless burning worlds in his wake.;0.825302004814148,0.4638560116291046;959;0;0;16255;930;0;0;-1
2013;Occularus;Occularus feeds on the minds of his enemies, savoring their despair as he sears their flesh. This malevolent creature has devoured worlds, yet his hunger remains insatiable.;0.5421689748764038,0.3373500108718872;959;0;0;16259;932;0;0;-1
2014;Sotanathor;Sotanathor's legendary strength was forged through countless burning campaigns across the cosmos. A brutal general, this demon commands vast legions that have never known defeat.;0.623494029045105,0.4231930077075958;959;0;0;16263;931;0;0;-1
2015;Pit Lord Vilemus;Pit Lord Vilemus' brutality is renowned even among the Legion. He delights in setting his foes aflame in fel fire, then laughing at their despair as they beg for the mercy of death.;0.173117995262146,0.5220720171928406;959;0;0;16284;927;0;0;-1
2025;Eonar the Life-Binder;"Though she was felled by the blade of Sargeras, the Life-Binder's essence escaped the grasp of the Dark Titan. After millennia spent hiding in isolation, Eonar's sanctuary has been discovered by the Legion.

Should her soul fall into the enemy's hands, Eonar's powers of nature and growth will be perverted to make the Burning Crusade unstoppable.";0.40107500553131104,0.5919349789619446;946;2075;5;16341;913;0;0;-1
2030;Yazma;Having consumed the might of Shadra, the spider loa, Yazma is now tasked with holding the sacred temple of Atal'Dazar for her master, the Prophet Zul.;0.3493970036506653,0.48644599318504333;968;2087;4;16406;934;0;0;-1
2031;Argus the Unmaker;"Bound. Broken.
Eons of existence, knowing only pain.
A shattered soul, fueling infinite evil.
The master beckons. Rise... Rise!
Begin the end of all things.";0.501075029373169,0.5306450128555298;946;2092;11;16421;918;0;0;-1
2036;Vol'kaal;In life Vol'kaal was a trusted bodyguard of Yazma.  Since his untimely death, she has used her newfound powers to reanimate the corpse of her former lieutenant who can now serve for eternity.;0.5529999732971191,0.125;968;2085;2;16457;934;0;0;-1
2051;PvP Battlegrounds;;0.5,0.5;0;0;0;0;759;0;2;0
2082;Priestess Alun'za;As a fanatical defender of Atal'Dazar's golden sanctum, Priestess Alun'za has come to cleanse the temple of all corruption at any cost.;0.5529999732971191,0.8299999833106995;968;2084;1;16822;934;0;0;-1
2083;Rezan;Rezan, once a loa to the Zuldazar kings, had his soul torn from his body during a ritual. Now, only a twisted husk remains, bent on devouring anyone who enters his hunting grounds.;0.3700000047683716,0.5899999737739563;968;2086;3;16830;935;0;0;-1
2093;Council o' Captains;Captains Raoul, Eudora, and Jolly meet within Freehold to drink and confer. They lead the Blacktooth Brawlers, Bilge Rats, and Cutwater Corsairs crews, currently gathered under the banner of the Irontide by Harlan Sweete.;0.4499500095844269,0.6081079840660095;1001;2094;2;17019;936;0;0;-1
2094;Ring of Booty;Within Freehold, there is a fighting tournament where the fiercest brigands from across the seas test their might. This rogue's gallery consists of a strange assortment of contenders, but none so fearsome as the current champion, Shark Puncher. Countless challengers have sought to topple the powerful pugilist, but all of them have ended up as chum.;0.29179200530052185,0.6441439986228943;1001;2095;3;17157;936;0;0;-1
2095;Harlan Sweete;Harlan Sweete is the leader of the Irontide Raiders, and his vast wealth is only exceeded by his foulness. Currently bankrolled by Lady Ashvane, Sweete has been tasked with uniting the various pirate crews by any means necessary.;0.363864004611969,0.3558560013771057;1001;2096;4;16938;936;0;0;-1
2096;Overseer Korgus;Warden to Tol Dagor, Overseer Korgus maintains the mighty island prison. His love of Azerite is widely known, even going so far as to infuse it into his bullets and test the results on his prisoners.;0.4026550054550171,0.6845790147781372;1002;2104;4;16866;980;0;0;-1
2097;The Sand Queen;Little is known about the monstrosity that lives in the sands surrounding the prison. No prisoners have ever survived an escape attempt, guards only finding discarded clothing and bones.;0.510325014591217,0.5186910033226013;1002;2101;1;16871;974;0;0;-1
2098;Jes Howlis;A vicious pirate of dubious loyalty, Jes Howlis was captured alongside his brother and locked away. After being released in a prison riot, Jes has since taken over as the de facto leader of the gang that controls the prison's lower levels.;0.3736400008201599,0.6845790147781372;1002;2102;2;16876;977;0;0;-1
2099;Knight Captain Valyri;Knight Captain Valyri oversees the explosive munitions within Ashvane's armory. Unfortunately for her subordinates, her obsession with fire often creates hazardous working conditions.;0.5206490159034729,0.8691580295562744;1002;2103;3;16881;979;0;0;-1
2102;Skycap'n Kragg;Skycap'n Kragg and his faithful mount Sharkbait are the guardians of Freehold, continuously patrolling the sky on the lookout for intruders. At least, that is what they're supposed to be doing. Instead, these two are often found snoozing in their crow's nest or dropping guano on unsuspecting victims from above.;0.7122120261192322,0.5840839743614197;1001;2093;1;16911;936;0;0;-1
2109;Coin-Operated Crowd Pummeler;When goblins fight, the winner of the argument is the one with the deepest purse. Why? Because they can afford to pay the Pummeler.;0.4577690064907074,0.47583600878715515;1012;2105;1;17007;1010;0;0;-1
2114;Azerokk;Goblins drilling for Azerite have disturbed a powerful earth spirit, Azerokk, who has taken physical form to exact vengeance!;0.29579201340675354,0.2527880072593689;1012;2106;2;17091;1010;0;0;-1
2115;Rixxa Fluxflame;Overseeing the creation of the Venture Co's supply of Azerite Catalyst, Rixxa is a renowned chemist and a gleeful pyromaniac.;0.5598160028457642,0.1988849937915802;1012;2107;3;17095;1010;0;0;-1
2116;Mogul Razdunk;Never able to ascend to Trade Prince, Mogul Razdunk is certain that becoming the world's foremost Azerite baron will bring him fame and fortune beyond his station.;0.6895020008087158,0.3773219883441925;1012;2108;4;17099;1010;0;0;-1
2125;Heartsbane Triad;Among the first to give themselves over to the Heartsbane, these siblings have each mastered their own specialized form of magic. Now they seek to obtain greater power through wielding their focusing iris.;0.30394700169563293,0.6923090219497681;1021;2113;1;17734;1015;0;0;-1
2126;Soulbound Goliath;The Soulbound Goliath is an amalgamation of tortured souls from the Kul Tiran people it has devoured. Their tormented cries echo from within the monstrosity: a dirge for those foolish enough to cross its path.;0.5149999856948853,0.20000000298023224;1021;2114;2;17625;1015;0;0;-1
2127;Raal the Gluttonous;Raal the Gluttonous was once the main chef for the Waycrests. Now his kitchen is a chamber of horrors, where he has been serving portions of himself to the damned guests that haunt these halls.;0.6757230162620544,0.4282050132751465;1021;2115;3;17959;1015;0;0;-1
2128;Lord and Lady Waycrest;Stricken with grief due to her ailing husband, Lady Waycrest called out to any power that could save him. Gorak Tul answered her cry and promised that death would never part the couple, for a price.;0.514365017414093,0.2585600018501282;1021;2116;4;17769;1018;0;0;-1
2129;Gorak Tul;Gorak Tul and his bloodthirsty Drust were first defeated by an ancient order of Kul Tiran soldiers two-thousand years ago. Trapped within the Blights Lands, Gorak Tul bided his time, waiting for an opportunity to exact his revenge. Now, Gorak Tul has corrupted Drustvar's seat of power and his new followers feverishly conspire to release him from prison.;0.5747900009155273,0.2549409866333008;1021;2117;5;18039;1029;0;0;-1
2130;Sporecaller Zancha;Twisted by G'huun's corruption, Zancha's only remaining desire is to spread the plague festering within his animated corpse.;0.6482419967651367,0.29044198989868164;1022;2112;3;17475;1041;0;0;-1
2131;Cragmaw the Infested;Infested with plague carrying parasites, this beast's only desire is to escape the caves where it can spread G'huun's infection throughout the world.;0.7298129796981812,0.5341619849205017;1022;2118;2;17507;1041;0;0;-1
2132;Chopper Redhook;Chopper Redhook's brutality is feared throughout Kul Tiras. Supported by Irontide forces, Chopper is free to rampage through Boralus, relishing the chaos rampant in the streets.;0.5776680111885071,0.2888199985027313;1023;2098;1;17708;1162;924;6;1
2133;Sergeant Bainbridge;Sergeant Bainbridge is a rigid officer that vehemently enforces his rule of iron. Believing weakness should be punishable by death, Bainbridge is quick to send those who offend him to the noose.;0.5767310261726379,0.2888210117816925;1023;2097;1;17749;1162;923;10;1
2134;Hadal Darkfathom;Hadal Darkfathom is an ancient sea giant called from the depths to unleash his fury on Boralus. Using his powerful strength he crushes buildings, statues and civilians alike.;0.4790700078010559,0.7816380262374878;1023;2099;3;17781;1162;0;0;-1
2139;T'zane;Animated by the powerful voodoo of the nearby Necropolis, T'zane stalks the swamps of Nazmir in search of more souls to consume.;0.5,0.5;1028;0;6;17805;0;0;0;-1
2140;Viq'Goth;Summoned from the depths by Lady Ashvane, Viq'Goth has devastated the harbor. Capable of pulling entire galleons to the crushing depths, this leviathan must be defeated before the Kul Tiran fleet is destroyed.;0.5248460173606873,0.9254649877548218;1023;2100;4;17812;1162;0;0;-1
2141;Ji'arak;This mighty pterrordax has a roost high up in the mountains of Zuldazar, where the air is too thin for most lungs to draw breath, and life struggles to take hold. Occasionally she descends upon the swamps below in search of heartier meals to bring back to her brood.;0.5,0.5;1028;0;7;17832;0;0;0;-1
2142;Adderis and Aspix;A pair of powerful sethrak charged with guarding the temple's entrance to prevent anyone from interfering with their master's plot.;0.6863729953765869,0.7950310111045837;1030;2124;1;17841;1038;0;0;-1
2143;Merektha;Merektha is the product of foul experiments to produce an army of unstoppable beasts. With her clutch of eggs beginning to hatch, this mother is on the hunt for victims to serve as food for her ravenous children.;0.4298270046710968,0.5124220252037048;1030;2125;2;17845;1038;0;0;-1
2144;Galvazzt;With the corruption of her temple, Sethraliss' command of lightning has created twisted elementals that roam the sunken chambers. The most powerful of these creatures is called Galvazzt, capable of eradicating anything that crosses its path.;0.4511379897594452,0.30124199390411377;1030;2126;3;17849;1038;0;0;-1
2145;Avatar of Sethraliss;The Heart of Sethraliss is in the grips of a terrible power that seeks to corrupt her. Her avatar must be restored before this evil takes root and she is reborn as a dark loa capable of destroying the whole of Vol'dun.;0.37836799025535583,0.23771899938583374;1030;2127;4;17853;1043;0;0;-1
2146;Fetid Devourer;The experiments within Uldir conducted tests upon countless lifeforms, including several loa who inhabited the forests around Zandalar. After the experiments proved lethal, the loa's remains were disposed of improperly, much to the delight of the dark consciousness imprisoned within Uldir.;0.654350996017456,0.48616600036621094;1031;2128;3;17857;1153;0;0;-1
2147;G'huun;In Uldir, the titans had hoped to find a solution to the Old Gods. But when they experimented upon the Old Gods' unending, ravenous need to corrupt, they unexpectedly created a perfect avatar of that desire. G'huun is nothing but rot, pestilence, and decay, the ultimate parasite who cannot stop himself from consuming his host until it is gone.;0.5172410011291504,0.22332100570201874;1031;2122;11;17870;1155;0;0;-1
2153;Aqu'sirr;The deeps hide many powerful secrets lost to time. A master of these waters, Lord Stormsong calls upon one of these creatures of myth to defend the sacred shrine.;0.46530699729919434,0.4068320095539093;1036;2130;1;17890;1039;0;0;-1
2154;Tidesage Council;Brother Ironhull and Galecaller Faye use their power to bless the Kul Tiran ships and ensure their fleet remains unmatched on the seas.;0.24677899479866028,0.3975149989128113;1036;2131;2;17895;1039;0;0;-1
2155;Lord Stormsong;Master of House Stormsong, Lord Stormsong leads the tidesages in their oceanic blessings and ways. However, not all is as it seems...;0.4024380147457123,0.5372660160064697;1036;2132;3;17900;1040;0;0;-1
2156;Vol'zith the Whisperer;Sent by Queen Azshara to subvert the tidesages, Vol'zith whispers promises of power to those willing to listen.;0.695123016834259,0.35403698682785034;1036;2133;4;17905;1040;0;0;-1
2157;Elder Leaxa;A devout worshipper of G'huun, Elder Leaxa seeks to further the spread of rot through ritualistic blood sacrifices.;0.4795230031013489,0.5204650163650513;1022;2111;1;17910;1041;0;0;-1
2158;Unbound Abomination;G'huun's rot in its purest form, the Unbound Abomination's only purpose is to infect all life.;0.35241198539733887,0.41925498843193054;1022;2123;4;17915;1042;0;0;-1
2165;The Golden Serpent;Kings' Rest has come under attack before. After a foolish troll tried to summon Hakkar the Soulflayer to this island many millennia ago, the priests of Zandalar created a mighty construct to defend this tomb. The Golden Serpent has stood against intruders ever since, judging who is worthy to enter these sacred halls.;0.8072310090065002,0.6859539747238159;1041;2139;1;17989;1004;0;0;-1
2166;Vectis;The plague of corrupted blood killed countless trolls and began one of the most terrifying periods in Zandalar's history. The constructs within Uldir studied the disease in search of a cure, but found that only isolation and extermination was effective. Unfortunately, as the facility's safeguards cracked apart, the plague was accidentally combined with a sample of G'huun's blood, creating a new entity that hungered for fresh victims.;0.5255150198936462,0.3082999885082245;1031;2134;4;18933;1152;0;0;-1
2167;MOTHER;"Uldir's titanic watcher was gifted with tenacity and an insatiable desire to discover a ""solution"" to the Old Gods. Her protocols have remained fully intact, even though many other systems in her facility have collapsed. WARNING: M.O.T.H.E.R. will not accept aid from contaminated subjects.";0.507390022277832,0.43675899505615234;1031;2141;2;18011;1149;0;0;-1
2168;Taloc;The titan keepers enacted countless systems to detect and contain any breach from the facility. Their most powerful construct, Taloc, kept watch for any signs of corruption in the region and ruthlessly excised any that he found. But as thousands of years passed, its internal defenses began to decay, making it vulnerable to corruption.;0.524806022644043,0.30039599537849426;1031;2144;1;18018;1148;0;0;-1
2169;Zek'voz, Herald of N'Zoth;Shortly after the Sundering, a dark messenger arrived on the fresh shores of Zandalar, intending to bring the newly isolated tribe into the service of N'Zoth. Zek'voz was prepared to entice, bribe, cajole, corrupt, or simply kill them, but he was not prepared to encounter the defenses of Uldir. He was captured, studied, disassembled, and stored in the Titans' Archives, where he has waited for a chance to escape.;0.38177400827407837,0.5098810195922852;1031;2136;3;18057;1151;0;0;-1
2170;The Council of Tribes;There was once a time when no single emperor could rule Zandalar. After a period of civil war, the heads of three families formed an uneasy coalition and tried to rule the empire together. Though they did not often agree, there was peace in Zandalar. Briefly.;0.4367470145225525,0.7920269966125488;1041;2140;3;18257;1004;0;0;-1
2171;Mchimba the Embalmer;"There was once a caste of Zandalari whose purpose was to preserve and defend the remains of past rulers. But when a terrible plague of corrupted blood tore through the empire, it was too risky for mortals to handle the dead. Golems were summoned for the grim work of preservation and burial; they have been used ever since.";0.5451809763908386,0.24067899584770203;1041;2142;2;18136;1004;0;0;-1
2172;Dazar, The First King;"Dazar. The founder and first King of Zandalar, who led an exodus of his people out of the muck and mire and built a city of gold. The first tamer of raptors. The warrior undefeated. The father of a kingdom.

His eternal repose cut short by Zul's dark magic, it lies to you to once again put him to rest.";0.13855299353599548,0.482248991727829;1041;2143;4;18244;1004;0;0;-1
2173;Dread Captain Lockwood;Dread Captain Lockwood commands a host of Azerite artillery. Currently her cannons are trained on the palace, threatening to reduce the seat of the Proudmoore's power to rubble unless they surrender.;0.5475670099258423,0.6024850010871887;1023;2109;2;18221;1162;0;0;-1
2194;Mythrax the Unraveler;Mythrax the Unraveler, Bringer of Oblivion, Slayer of Sethraliss: with his mission complete, he returns to his master's side to await further instruction.;0.5172410011291504,0.8498029708862305;1031;2135;8;18456;1155;0;0;-1
2195;Zul, Reborn;Once the proud leader of the Zanchuli Council, highest advisors to the kings of Zandalar, Zul was praised as the greatest of prophets. Now, the dark prophet has turned on King Rastakhan and would see a true troll empire rule the world once again, even if it means submitting to the blood god: G'huun.;0.5099999904632568,0.5320000052452087;1031;2145;6;18523;1154;0;0;-1
2197;Hailstone Construct;Built by the original inhabitants of Drustvar, the Hailstone Construct was built to defend these lands from any invaders. However, years of dormancy have left it addled, and it now sees all residents as threats, vowing to destroy them all.;0.5,0.5;1028;0;8;18588;0;0;0;-1
2198;Warbringer Yenajz;Dark whispers shroud Stormsong Valley, as rumors of eldritch creatures spread throughout the countryside and families mark their doors with runes from the local scribes. Often dismissed as exaggeration, sometimes housewives' tales fall far short of the true horrors that lurk in the realm beyond our sight.;0.5,0.5;1028;0;9;18592;0;0;0;-1
2199;Azurethos, The Winged Typhoon;Azurethos, the terror of the Kul'tiran seas, marshalls the power of wind to force enemies out of its roost, cause waterspouts, and capsize ships. He has earned his reputation as one of the deadliest beasts in Kul Tiras.;0.5,0.5;1028;0;10;18599;0;0;0;-1
2210;Dunegorger Kraulok;Revered by all trolls, but the Zandalari especially, the bones of the giant reptiles of Zandalar dot the landscape. But as dark energies stir beneath the sands, sometimes that which was meant to remain dead, does not. Kraulok walks the sands once again, blinded by rage and the endless agony of his dying moments. Woe to those who find themselves in the beast's path.;0.5,0.5;1028;0;11;18649;0;0;0;-1
2212;The Lion's Roar;The Lion's Roar is the pinnacle of Alliance engineering. Built to dominate the battlefield, this asset can carry legions of troops and decimate enemy fortifications. When deployed onto the field, there is nothing that can stop this behemoth's charge to victory.;0.4276910126209259,0.45563098788261414;1028;0;5;18671;449;0;24;-1
2213;Doom's Howl;Doom's Howl was created from stolen Alliance engineering plans. Used to transport hordes of troops into the worst combat conditions, this gigantic vehicle can also transform into a powerful siege platform capable of decimating enemy fortifications.;0.4276910126209259,0.45563098788261414;1028;0;5;18691;449;0;20;-1
2323;Jadefire Masters;To the untrained eye, Ma'ra Grimfang and Anathos Firecaller may seem like a mismatched pair. The truth, however, is that their coordination is second to none. Their combined assault is powerful enough to level the most formidable foes.;0.4933040142059326,0.5210049748420715;1176;2285;2;18937;1352;67523;4;-1
2325;Grong, the Jungle Lord;After volunteering to become a living super weapon, the once-intelligent Grong devolved into a giant rampaging behemoth. But though his mind may have deteriorated, Grong's strength is more immense than it has ever been.;0.41501298546791077,0.6367509961128235;1176;2263;2;18945;1358;923;8;-1
2328;The Restless Cabal;Called from the depths to retrieve three relics of ancient power, the Restless Cabal is bound to serve N'Zoth and attend to his will. Zaxasj speaks of promises and power while Fa'thuul crushes their opposition with brute force.;0.506289005279541,0.3742139935493469;1177;2269;1;18966;1345;0;0;-1
2329;Ivus the Forest Lord;Summoned by the night elves in times of desperation, Ivus the Forest Lord has wielded his raw strength against the Horde time and again. Now he has returned from Alterac Valley to stand in defense of his home and crush any who threaten it.;0.5,0.5;1028;0;4;18991;0;0;24;-1
2330;Conclave of the Chosen;Deep within Dazar'alor lies a chamber built to honor six of Zandalar's greatest loa, guarded by their most devout followers. Trespassers who dare enter this sacred hall are soon met with primal fury like none they have ever seen.;0.4754050076007843,0.6754299998283386;1176;2268;4;19009;1354;0;0;-1
2331;King Mechagon;As maniacal as he is brilliant, King Mechagon despises all organic life. With his mechoriginator primed and ready, nothing stands in the way of his scheme to purge the curse of flesh from Azeroth and mechanize the entire world.;0.21285699307918549,0.6505399942398071;1178;2260;8;19041;1497;0;0;-1
2332;Uu'nat, Harbinger of the Void;When she struck her bargain with N'Zoth ten thousand years ago, Queen Azshara offered one of her most devoted followers into the Old God's service. Now Uu'nat and the crawling masses he commands herald the coming of their master, as foretold by the stars.;0.2672959864139557,0.5377359986305237;1177;2273;2;19051;1346;0;0;-1
2333;Champion of the Light;As vanguard for the Alliance's assault on Dazar'alor, Frida Ironbellows leads her troops with fervor and conviction. Her battle prowess and unwavering faith in the Light make her a force to be reckoned with.;0.2955799996852875,0.3774929940700531;1176;2265;0;19062;1358;923;8;-1
2334;High Tinker Mekkatorque;Unrivaled in their ingenuity, Gelbin Mekkatorque's inventions have been instrumental to the Alliance's attack on Dazar'alor. His state-of-the-art armor is outfitted with the latest--and deadliest--ordnance that gnomish engineering can offer.;0.49430200457572937,0.3176630139350891;1176;2276;7;19144;1352;67521;0;-1
2335;King Rastakhan;For over two hundred years, King Rastakhan has ruled the Zandalari empire. Since the fall of Rezan, he has turned to a new patron--Bwonsamdi, the loa of death. The dark bargain he has made grants him the power to crush his enemies... but at what cost?;0.4732159972190857,0.5740739703178406;1176;2272;6;19160;1357;0;0;-1
2336;Tussle Tonks;Mechagon's premier mechgineers test their mettle (and metal) by building customized combat robots. While these tonks typically battle each other for glory, they combine their efforts to repel foolhardy organic intruders who dare venture into Mechagon.;0.28011998534202576,0.7078049778938293;1178;2257;5;19232;1491;0;0;-1
2337;Stormwall Blockade;Brother Joseph and Sister Katherine are devout worshippers of the waves. These proud Kul Tirans would gladly risk their lives to ensure the safety of their compatriots. Their command over sea and storm is awesome to behold, as are the ancient and powerful rituals they practice.;0.4931110143661499,0.9415940046310425;1176;2280;8;19252;1352;67521;0;-1
2339;K.U.-J.0.;As the respository for the city's refuse, the Under Junk is a prime target for gnomes from Bondo's gang who intend to steal valuable mechanical components. While Trash Mistress Wendy Cogsworth ceaselessly sorts the city's junk, her loyal guard dog, K.U.-J.0., keeps out unwelcome intruders--mechagnomes and adventurers alike.;0.4578309953212738,0.38704800605773926;1178;2258;6;19336;1494;0;0;-1
2340;Grong, the Revenant;Once willing to sacrifice everything to serve the Alliance, the mighty Grong has been raised from the dead and pitted against his former friends. Fighting on behalf of the Horde would be anathema to this noble soul, whose only hope for release is a clean death.;0.49430200457572937,0.3119649887084961;1176;2284;2;19363;1352;67523;4;-1
2341;Jadefire Masters;Though they began training together only recently, Manceroy and Mestrah have perfected their teamwork and now present a united front. With both fire and fists, they stand ready to strike down any who challenge the Alliance.;0.48969900608062744,0.6637449860572815;1176;2266;3;19384;1358;923;8;-1
2342;Opulence;Long ago, King Dazar had his golden treasury enchanted so that it would rise against anyone except its rightful owner. Many an unsuspecting thief has been slain by the very riches they coveted, serving as an important lesson to those who would steal from the throne.;0.42212700843811035,0.5142449736595154;1176;2271;3;19730;1353;0;0;-1
2343;Lady Jaina Proudmoore;As the Alliance fleet withdraws from Dazar'alor, Lady Jaina Proudmoore stays behind with a handful of Kul Tiran vessels to slow the Horde's pursuit. Storm clouds gather overhead as Jaina leads her pursuers deeper into the Great Sea, where she will attempt to turn the odds in her favor.;0.6539180278778076,0.23713800311088562;1176;2281;9;19462;1364;0;0;-1
2344;Champion of the Light;Ra'wani and her troops are the first line of defense against the Alliance, sworn to lay down their lives for their city. Standing together, they empower and heal each other while fending off the incoming invaders.;0.49430200457572937,0.699720025062561;1176;2265;0;19465;1352;67523;4;-1
2345;Ivus the Decayed;Once a staunch ally in Alterac Valley, Ivus the Forest Lord succumbed to the Horde's defilement after returning to defend Darkshore. Even in decay, with his mind twisted by dark magic, he would rather be cut down than cede even a single inch of the forest to his enemies.;0.5,0.5;1028;0;4;19585;0;0;20;-1
2347;Blackwater Behemoth;Summoned from depths unknown, the Blackwater Behemoth lurks in an abyss so dark that not even the naga dare to venture into it. Only Azshara is capable of taming the beast, and she has trained it to faithfully guard her treasures.;0.35692599415779114,0.19863000512123108;1179;2289;2;19883;1514;0;0;-1
2348;Machinist's Garden;Beautiful and dangerous, Head Machinist Sparkflux's metallic gardens are designed for both recreation and retribution. With a flick of a switch, the idyllic scenery transforms into a death trap from which no interloper can escape.;0.6535969972610474,0.4864189922809601;1178;2259;7;19892;1497;0;0;-1
2349;Za'qul, Harbinger of Ny'alotha;The harbinger for the end of days, Za'qul shreds the last vestiges of sanity from a world in chaos, laying the foundation for Azeroth's new master.;0.17732100188732147,0.5114160180091858;1179;2293;7;19911;1519;0;0;-1
2351;Orgozoa;Orgozoa tends to Azshara's hatchery, preparing for the day her incubating horrors are unleashed upon Azeroth.;0.7496190071105957,0.4748860001564026;1179;2303;5;19949;1517;0;0;-1
2352;Abyssal Commander Sivara;A master of both martial and magical arts, Abyssal Commander Sivara has ruthlessly led Azshara's vanguard to countless victories.;0.5,0.4840179979801178;1179;2298;1;19995;1512;0;0;-1
2353;Radiance of Azshara;Using her handmaiden as a willing sacrifice, Azshara has forged into being an elemental of storm and magic. Powered by the soul of the devoted vassal, the resulting monstrosity is the avatar of Azshara's radiance.;0.4710809886455536,0.19178099930286407;1179;2305;3;20017;1513;0;0;-1
2354;Lady Ashvane;Priscilla Ashvane's relentless pursuit of power has ultimately led her to the Eternal Palace and into a dark pact with Queen Azshara. But what Ashvane receives in return for her loyalty may be more than she bargained for.;0.477169007062912,0.6826480031013489;1179;2304;4;20023;1513;0;0;-1
2355;HK-8 Aerial Oppression Unit;Predator of the skies, the HK-8 Aerial Oppression Unit soars over the yard executing its prime directive, disintegrating all trespassers. With impenetrable armor and a lethal host of weapons, it annihilates all who are caught in its shadow.;0.563755989074707,0.5977129936218262;1178;2291;4;20033;1490;0;0;-1
2357;King Gobbamak;Obsessed with hoarding dangerous technology found amongst the scrap, King Gobbamak sits upon a pile of doomsday weapons that he lacks the intelligence to operate or understand.;0.5801659822463989,0.2733890116214752;1178;2290;1;20101;1490;0;0;-1
2358;Gunker;After years of coalescing into a concentrated cesspool, Mechagon's toxic waste has gained malevolent sentience. With the sanitation systems disabled, Gunker is free to ooze across all of Azeroth.;0.6639360189437866,0.6491060256958008;1178;2292;2;20139;1490;0;0;-1
2359;The Queen's Court;For ten thousand years, the Queen's Court has never failed to enforce the word of Azshara. Now, the queen's most powerful servants stand ready to fulfill her final decree.;0.3371390104293823,0.4794520139694214;1179;2311;6;20183;1518;0;0;-1
2360;Trixie & Naeno;Trixie and Naeno, two of Bondo's top lieutenants, have a turbulent relationship. While Trixie prides herself on ruthless efficiency, Naeno is the embodiment of chaos while behind the wheel. The only thing they have in common is their penchant for senseless violence, which they enjoy dispensing on anyone foolish enough to wander into their territory.;0.6094939708709717,0.40228700637817383;1178;2312;3;20196;1490;0;0;-1
2361;Queen Azshara;Queen of the Naga, Empress of Nazjatar, and one of the most powerful entities Azeroth has ever known, Azshara has plotted and schemed for millennia in preparation for this fateful moment. Now, with all the pieces in place, the time has finally come to reveal her end game.;0.4817349910736084,0.5182650089263916;1179;2299;99;20242;1520;0;0;-1
2362;Ulmath, the Soulbinder;Ulmath, the Soulbinder, seeks to enthrall the restless spirits of Nazjatar. If left unchecked, it will amass an unstoppable undead force bound to its malevolent will.;0.5,0.5;1028;2317;3;20377;0;0;0;-1
2363;Wekemara;Summoned from the depths by an ancient naga ritual, Wekemara arises once more to wreak havoc upon the surface.;0.5,0.5;1028;2318;2;20435;0;0;0;-1
2364;Ra-den the Despoiled;As he bravely fought to save the Chamber of Heart, Ra-den was pulled into Ny'alotha where he has fallen victim to N'Zoth's whispers. The despair he harbored for so long has overwhelmed the last of his hope, rendering his corruption complete. Now the former Highkeeper will stop at nothing to do the Old God's bidding.;0.6422970294952393,0.6813570261001587;1180;2331;10;20523;1591;0;0;-1
2365;Maut;As the ancient aqir arose from the desert sands, their prophets set about the construction of an obsidian destroyer imbued with the essence of the Old Gods. Driven by an insatiable thirst for magic, Maut consumed the mana of its creators once it awoke and left their corpses to rot under the scorching sun of Uldum.;0.19240200519561768,0.6084550023078918;1180;2327;2;20551;1581;0;0;-1
2366;Carapace of N'Zoth;At the center of Ny'alotha stands a dread mountain of flesh, teeming with eyes and tendrils of unfettered corruption. Madness itself seeps from the writhing mass, eroding the sanity of all who approach it. This is the heart of the Black Empire, N'Zoth's seat of power, the body of a god.;0.48093199729919434,0.6719610095024109;1180;2337;11;20554;1597;0;0;-1
2367;Shad'har the Insatiable;One of N'Zoth's most nightmarish creations, Shad'har the Insatiable feasts on the corrupted carcasses that the Old God's minions discard into its domain. Tormented by ceaseless hunger, Shad'har's body twists and mutates with every corpse it devours.;0.5306379795074463,0.7481610178947449;1180;2335;6;20607;1594;0;0;-1
2368;Wrathion, the Black Emperor;Despite all his precautions, Wrathion could not avoid succumbing to the madness that claimed his father. With his mind twisted by N'Zoth, he believes that the only way he can truly defend Azeroth is to rule it in the Old God's name. A prince no longer, Wrathion now takes his rightful place as the Black Emperor.;0.5110300183296204,0.8033069968223572;1180;2329;1;20623;1581;0;0;-1
2369;The Prophet Skitra;A master of illusion, Skitra delights in terrorizing his victims as he breaks their perception of reality. Those who fail to see through his deceptions become lost in Ny'alotha for eternity.;0.8357840180397034,0.6121309995651245;1180;2334;3;20645;1581;0;0;-1
2370;Vexiona;Obsessively wielding the power that N'Zoth has granted her, Vexiona has amassed a cult of worshippers who covet the gifts of the Void. From high atop her temple within the Black Empire, she transforms her most devout followers into unstoppable horrors.;0.3296560049057007,0.5091909766197205;1180;2336;9;20657;1593;0;0;-1
2372;The Hivemind;Locked in a contest of wills, the generals Ka'zir and Tek'ris constantly vie for dominance over their fellow aqir. As they wrest control away from one another, the hive shifts its tactics and obeys each of their commands with fervent loyalty.;0.5036770105361938,0.5386030077934265;1180;2333;5;20706;1590;0;0;-1
2373;Drest'agath;The grotesque amalgam of flesh known as Drest'agath slumbered beneath Ny'alotha for millennia until being awakened by N'Zoth's return. Now she rises like a revolting boil, ready to burst and spread her vile pestilence across Azeroth.;0.32734599709510803,0.5729029774665833;1180;2343;7;20741;1595;0;0;-1
2374;Il'gynoth, Corruption Reborn;Following its defeat in the Emerald Nightmare, Il'gynoth retreated into the depths of Ny'alotha to regain its strength. Now it has fused with the city's architecture and spreads across the Black Empire like a creeping infestation. As Il'gynoth's corrupting flesh grows ever larger, so does its power.;0.4877449870109558,0.3180150091648102;1180;2345;8;20749;1596;0;0;-1
2375;N'Zoth the Corruptor;From his titan-forged prison deep beneath the waves, N'Zoth spent eons subtly spreading his influence across Azeroth. Now free from captivity, the Corruptor reveals his true form as he enacts his ultimate plan to make his vision of the Black Empire our new reality. If he is not stopped, all we have ever known will be remade in the image of his eternal madness.;0.4816179871559143,0.2610290050506592;1180;2344;12;20753;1597;0;0;-1
2377;Dark Inquisitor Xanesh;"Few can resist the whispers of the Old Gods, but those who do find themselves at the ""mercy"" of Dark Inquisitor Xanesh. A cruel and sadistic torturer, Xanesh prides herself on slowly carving the sanity away from those in her charge until all that remains is unwavering devotion to N'Zoth.";0.534313976764679,0.4577209949493408;1180;2328;4;20776;1592;0;0;-1
2378;Grand Empress Shek'zara;With the awakening of N'Zoth, Shek'zara, empress of the mantid, pledged her swarm to the old god's will. In service of her dark master, she unleashed her forces upon the Vale of Eternal Blossoms to claim Pandaria in N'Zoth's name.;0.5,0.5;1028;2351;1;21114;0;0;0;-1
2381;Vuk'laz the Earthbreaker;Plumbing the forgotten depths of Azeroth, Prophet Skitra unearthed a devastating aqir known as Vuk'laz the Earthbreaker. Now freed from its subterranean slumber, Vuk'laz turns its destructive power against those who oppose N'Zoth.;0.5,0.5;1028;2353;1;21159;0;0;0;-1
2387;Echelon;The mighty stoneborn known as Echelon has always held outsiders, especially mortals, in contempt. He watched the Halls of Atonement from the sky and will crush any who attempt to transgress the threshold.;0.26605600118637085,0.5410159826278687;1185;2380;2;21494;1663;0;0;-1
2388;Kryxis the Voracious;Kryxis the Voracious sensed the anima stores deep within the Sanguine Depths, and his lust to consume this energy has driven him to madness. With the recent tear that has formed in Revendreth, Kryxis has a found a way into these catacombs, and aims to drain every last drop of anima out of the subterranean storage house.;0.5604490041732788,0.18134699761867523;1189;2360;1;21511;1675;0;0;-1
2389;Kul'tharok;Kul'tharok is a master of the necromantic arts and shows that brute force is not the only way to the top. The path to victory is through his maze of magic portals, and then past his necrotic onslaught.;0.7139099836349487,0.6870629787445068;1187;2364;4;21515;1685;0;0;-1
2390;Xav the Unfallen;Xav has fought and defeated so many foes that there is a line of contenders battling for their turn. If someone can make their way past them, Xav will relish a worthy challenge.;0.5263460278511047,0.7663229703903198;1187;2366;3;21610;1684;0;0;-1
2391;Amarth, The Harvester;Amarth oversees the harvesting of corpses from atop the undead monstrosity Bonefang, flying above the battle. The sadistic commander destroyed the Hand of Courage, and now comes for their Paragon.;0.20561300218105316,0.4037800133228302;1182;2388;2;21530;1666;0;0;-1
2392;Surgeon Stitchflesh;Surgeon Stitchflesh is the mastermind behind the grisly abominations that are deployed from the floating fortress of Zolramus. He bends to his task with maniacal fervor, crafting the flesh of fallen enemies into undead constructs to be used in Maldraxxus' wars.;0.5091639757156372,0.3556700050830841;1182;2389;3;21539;1667;0;0;-1
2393;Shriekwing;Tasked with guarding Castle Nathria's entry hall, the blind monster Shriekwing locates her victims with horrifying cries that reverberate off the chamber's walls. The last sound heard by trespassers in the Grand Walk is the monster's cry as she descends upon her prey.;0.5932639837265015,0.8108810186386108;1190;2398;1;21555;1735;0;0;-1
2394;Sludgefist;Sludgefist was born in the muddy foundation beneath Castle Nathria and now wanders the halls as he awaits orders from Sire Denathrius. His massive footsteps reverberate throughout the castle, announcing his arrival from several rooms away.;0.7022640109062195,0.8154879808425903;1190;2399;8;21559;1735;0;0;-1
2395;Blightbone;The corpulent mass of rotting flesh known as Blightbone was lovingly constructed by Surgeon Stitchflesh. Now the abomination is eager to be unleashed on the Temple of Courage.;0.5700889825820923,0.3955659866333008;1182;2387;1;21563;1666;0;0;-1
2396;Nalthor the Rimebinder;From atop the flying ziggurat Zolramus, Nalthor the Rimebinder commands the forces attacking Bastion. The conniving lich plans to rain frozen magic and death on the pristine lands of Bastion.;0.510837972164154,0.4382460117340088;1182;2390;4;21567;1668;0;0;-1
2397;An Affront of Challengers;Champions are not fighting just anyone. First contenders fight among themselves to see which are worthy. Dessia the Decapitator, Paceran the Virulant, and Sathel the Accursed have brought their disparate fighting styles together to knock out other contenders. They will crush any who stand between them and the title match.;0.5049899816513062,0.5209580063819885;1187;2391;1;21577;1683;0;0;-1
2398;Dealer Xy'exa;Dealer Xy'exa is a cunning aquisitionist, wielding an array of magical contrivances that she has collected over the millennia. She relies on spatial manipulation to stay one step ahead of the innumerable enemies she's made in her dealings.;0.8344820141792297,0.5793099999427795;1188;2400;3;21618;1677;0;0;-1
2399;Kin-Tara;While kyrian aspirants had to wait patiently during the anima drought for their overdue ascension, the Forsworn have been unafraid to grant their faithful wings. Kin-Tara proved herself to the dark kyrian and learned to dominate the sky as soon as she ascended. While she stands, the Spires of Ascension will belong to Devos.;0.43670400977134705,0.5708889961242676;1186;2357;0;21633;1693;0;0;-1
2400;Ingra Maloch;Cursed to exist outside the cycle of Life and Death, the Drust now seek to circumvent their fate using Ardenweald's mechanisms of Rebirth. Their would-be conquest has found its way to Tirna Scithe, where Ingra Maloch and his followers use foul magic to subjugate the local inhabitants.;0.7558500170707703,0.18740299344062805;1184;2397;1;21646;1669;0;0;-1
2401;Gorechop;As hungry for victory as he is for new parts, Gorechop is ready to show the House of Constructs can build the better warrior. Since arriving in Maldraxxus, he has earned every piece of his body, but he is not above finding something new on a challenger.;0.6947309970855713,0.6357390284538269;1187;2365;2;21658;1687;0;0;-1
2402;Mistcaller;Tirna Scithe is defended by force of arms, but also cunning. The playful Mistcaller has used the mists to confuse and disorient invaders. With the Drust attack the Mistcaller cannot easily tell friend from foe, and only after her puzzles and games are defeated can you safely reach the heart of Tirna Scithe.;0.4747990071773529,0.4862540066242218;1184;2392;2;21686;1669;0;0;-1
2403;Doctor Ickus;The destruction of the House of Plagues and the slime eruptions left in its wake will not stop the presumed genius of Doctor Ickus and his deranged experiments.;0.6197609901428223,0.44012001156806946;1183;2384;2;21700;1674;0;0;-1
2404;Margrave Stradama;It was believed that Margrave Stradama was destroyed in the explosion that brought down her house. In truth the explosion transformed her into a monstrous new form, driving her mad, and leaving her at the heart of the fallen House of Plagues.;0.5249509811401367,0.7844319939613342;1183;2386;4;21737;1697;0;0;-1
2405;Tred'ova;The gorm have been chewing at the edges of Ardenweald, devouring desiccated husks of the dead. The beast called Tred'ova has gorged herself on something far more precious, the wildseed of Lakali, loa of knowledge. Now that Tred'ova has tasted the loa's power and wisdom, she hungers for more than survival.;0.15406599640846252,0.7457050085067749;1184;2393;3;21746;1669;0;0;-1
2406;Halkias, the Sin-Stained Goliath;Sinstones are meant to be inert records of past transgressions. The machinations of the depraved venthyr have allowed Halkias, a massive golem, to grow from the power of neglected sinstones. The Lord Chamberlain's forces have struggled to contain it, splitting its anima across multiple sinstone golem shards.;0.5296689867973328,0.5341429710388184;1185;2401;1;21754;1663;0;0;-1
2407;General Kaal;General Kaal stands as one of Sire Denathrius's main generals overseeing his operations in Revendreth. Strong, agile and full of guile, General Kaal uses her agility and anima-infused nature to eliminate all who would stand against her master.;0.15803100168704987,0.1735749989748001;1189;2363;4;21764;1676;0;0;-1
2408;Hakkar the Soulflayer;Even the presence of Hakkar the Soulflayer has caused turmoil on Azeroth. Violence and plague mark his blood and his immeasurable power. His faithful fought for him till death, and beyond. Giving up power has never been his way, even when it is not his own.;0.2528739869594574,0.484483003616333;1188;2395;1;21789;1679;0;0;-1
2409;The Manastorms;Absolute honesty and trust are what makes Millicent and Milhouse Manastorm such a power couple. Well, honesty, trust, staggering magic and experimental technology. Combining these four elements in perfect harmony makes the Manastorms the most deadly, dangerous and disastrous couple anywhere.;0.4839079976081848,0.6689649820327759;1188;2394;2;21794;1678;0;0;-1
2410;Mueh'zala;Father of Sleep, Son of Time, the Night's Friend, Mueh'zala ushered the dead of Azeroth long before Bwonsamdi made his first deal. He knows a god should rule, not beg for servants and worshipers. The plans he laid in ancient times to reclaim that power are coming to fruition, once he deals with his rebellious replacement.;0.5080459713935852,0.5775859951972961;1188;2396;4;21799;1680;0;0;-1
2411;High Adjudicator Aleez;Within the Halls of Atonement, past the courtyard and gargoyles, is a church unlike any seen on Azeroth.  This is where the High Adjudicator Aleez presides over a congregation of spirits, spreading the dark word of Sire Denathrius to the undeserving.;0.21248500049114227,0.5017179846763611;1185;2403;3;21807;1664;0;0;-1
2412;Devos, Paragon of Doubt;Devos was the very symbol of loyalty until a soul with a troubling past arrived in Bastion. Her doubt overwhelmed her until she fell into open rebellion, aided by the darkest powers of the Shadowlands. Seizing the Spires of Ascension is just the first step, and the destruction of the Archon is now within her grasp.;0.4558990001678467,0.6288660168647766;1186;2359;4;21818;1695;0;0;-1
2413;Lord Chamberlain;The Lord Chamberlain climbed steadily and mercilessly through the ranks of venthyr society, becoming a Harvester by aiding in the capture of the rebellious Accuser. Now he rules the Accuser's halls, hoarding anima and turning the sacred process of atonement to his own deviant purposes.;0.14261199533939362,0.48797300457954407;1185;2381;4;21841;1665;0;0;-1
2414;Oryphrion;Oryphrion is the firepower in the Paragon of Loyalty's vanguard. The Dark Colossus has dominated the invasion into the city with their Anima fueled artillery, and now fiercely defends the font of power before the Archon's seat.;0.5308939814567566,0.38293999433517456;1186;2358;3;21865;1694;0;0;-1
2415;Executor Tarvold;Many venthyr consider the torment of their charges and the extraction of sins and anima their sacred duty. The creature known as Executor Torvald being set as warden and  allowed to take its sick pleasure in torturing the prisoners here shows the depravity Revendreth has fallen to.;0.4775469899177551,0.8601040244102478;1189;2361;2;21876;1675;0;0;-1
2416;Ventunax;Ventunax is one of the deadliest Forsworn constructs, originally designed to test the courage of kyrian aspirants. The Praetorian's movements are so quick she can seem to disappear before her enemies' eyes.;0.6363120079040527,0.44845399260520935;1186;2356;2;21884;1693;0;0;-1
2417;Mordretha, the Endless Empress;Endless battles and endless victories, Mordretha has bested every opponent who has challenged her. In life she was a master of dark magic and her time in Maldraxxus has only expanded that knowledge. Is this the title match the Theater of Pain has been waiting for?;0.46678099036216736,0.362542986869812;1187;2404;5;21897;1683;0;0;-1
2418;Artificer Xy'mox;Not everyone in Castle Nathria is loyal to Sire Denathrius. Some simply saw an opportunity and exploited it to their own ends. Artificer Xy'mox has worked with Denathrius but is mostly concerned with getting the better end of the deal, which may require the end of Nathria's invaders.;0.6537129878997803,0.23575100302696228;1190;2405;4;21912;1745;0;0;-1
2419;Globgrog;The exact nature of the plagues and oozes disgorged by the House of Plague's fall may never be deciphered, but the collection of slimes and flesh that became Globgrog will guard this treasure fanatically.;0.5049899816513062,0.21556900441646576;1183;2382;0;21920;1674;0;0;-1
2420;Lady Inerva Darkvein;Anima fuels the Shadowlands, and Lady Inerva Darkvein seeks to unlock its mysteries. Under Denathrius's tutelage, she has learned insidious secrets to turn against his enemies. She will strip anima from Nathria's invaders and use it to shape a dark new future.;0.36355799436569214,0.4430049955844879;1190;2406;6;22127;1744;0;0;-1
2421;Grand Proctor Beryllia;There are only a few old enough to know if Grand Proctor Beryllia learned her ruthless form of study in Revendreth or if she never truly gave up that particular sin. The cruelty she used to master the magic of anima has been turned on a very peculiar new prisoner, the naaru Z'rali. She will command this creature's Light no matter what it costs her prisoner.;0.562175989151001,0.6994820237159729;1189;2362;3;21934;1676;0;0;-1
2422;Sun King's Salvation;In the sinister confines of Castle Nathria, souls are being tortured not to redeem their sins, but to amplify them. The prideful Prince Kael'thas has been burdened with the sins of others, and his pain and hatred are channeled to make him a powerful weapon. This has imperiled his soul like no other, and it must be saved--if only to keep it from being unleashed upon the Shadowlands.;0.5293610095977783,0.7461140155792236;1190;2402;3;22236;1746;0;0;-1
2423;Domina Venomblade;Domina Venomblade believes the instrument of her revenge for the fall of the House of Eyes rests with Plaguefall. No one, not even her former allies will keep her from gaining the weapon hidden in these ruins.;0.554889976978302,0.7544909715652466;1183;2385;3;21995;1674;0;0;-1
2424;Sire Denathrius;For countless ages, Sire Denathrius stood among the Eternal Ones who rule the realms of Death. But in the Shadowlands' darkest hour, he has betrayed his sacred duty. With his bloodthirsty living blade Remornia at his side and defended by his most sychophantic loyalists, Denathrius will cut a swath through any who stand against him and cast their remains into the inescapable terror of the Maw.;0.5259069800376892,0.5233160257339478;1190;2407;10;22012;1747;0;0;-1
2425;Stone Legion Generals;"The ancient stoneborn generals, Kaal and Grashaal, have hounded the Prince Renathal's rebellion at every turn. Once they were General Draven's apprentice and mentor; now their strength, strategy, and soldiers have been unleashed against him and any who would defy the Sire's will.";0.26338499784469604,0.5181350111961365;1190;2417;9;22132;1747;0;0;-1
2426;The Council of Blood;The Council of Blood presides over courtly functions in Revendreth. Castellan Niklaus is a strict military commander with an indomitable will and impenetrable armor. Lord Stavros, a foppish dandy, leads the court in dance but is also deadly with his blades. Baroness Frieda wields powerful anima magics and commands the dredger wait staff--along with the respect of the entire court.;0.702072024345398,0.5466319918632507;1190;2412;7;22139;1750;0;0;-1
2428;Hungering Destroyer;The devourers consume anima wherever they can find it. With drought afflicting the Shadowlands, it is no surprise that the hungriest and most dangerous of the devourers is drawn to the abundant store of anima here in the depths of Castle Nathria.;0.35837700963020325,0.3471499979496002;1190;2383;5;22172;1735;0;0;-1
2429;Huntsman Altimor;Sire Denathrius seldom engages in the hunts himself, but Altimor makes certain the master has the finest beasts should he ever choose to indulge. Margore, Bargast, and Hecutis has been trained longer than most beasts have existed, and each is ready to deliver the Huntsman's wrath to any in his domain.;0.676164984703064,0.4948189854621887;1190;2418;2;22305;1735;0;0;-1
2430;Valinor, the Light of Eons;Built by the Kyrians as a means of testing their most hardened warriors, Valinor is a centurion of great power. Taken by the forsworn and infected with the seeds of doubt, Valinor now sees all foes as challengers.;0.5,0.5;1192;2411;1;22439;0;0;16;-1
2431;Mortanis;One of the most studied necromancers of the House of Rituals, Mortanis has been working tirelessly on a means of transforming himself into a more powerful form. Now, he is only a few moments from succeeding.;0.5,0.5;1192;2410;1;22449;0;0;16;-1
2432;Oranomonos the Everbranching;Once the eldest guardian of Tirna Scithe, Oranomonos has wilted alongside the great tree. With very little anima left, she can no longer discern friend from foe, as the gorm gorge themselves on her decaying form.;0.5,0.5;1192;2409;1;22456;0;0;16;-1
2433;Nurgash Muckformed;Formed from the sludgy mass of many dripping dredgers, and empowered with dark magics by Denathrius's most elite sorcerers, Nurgash is not the most intelligent minion, but his fists can crush castles.;0.5,0.5;1192;2408;1;22463;0;0;16;-1
2435;The Tarragrue;The Jailer's relentless beast, the Tarragrue, has stalked the halls of Torghast since its first spire was raised. Countless victims have felt their souls trampled to ash by this monstrosity, which now awaits the mortal champions breaching the threshold of the tower.;0.5449540019035339,0.4930090010166168;1193;2423;1;22844;1998;0;0;-1
2436;Mailroom Mayhem;Something has gone wrong at the Primary Office for Sending Things (P.O.S.T.). Dimensional portals are scattering deliveries and the automaton that runs the office is malfunctioning. If the chaos is not sorted soon, the whole city could go postal.;0.38554200530052185,0.3915660083293915;1194;2424;3;22929;1989;0;0;-1
2437;Zo'phex the Sentinel;To gain entry beyond the gilded gates of Tazavesh, all must pass the sentinel, Zo'phex. Obsessed with security, Zo'phex ensures any contraband is immediately incinerated along with anyone holding the offending items.;0.752593994140625,0.44143301248550415;1194;2425;1;22853;1989;0;0;-1
2438;Generic Template;[PLACEHOLDER] Summary and lore for the encounter.;0.5,0.5;0;0;1;22866;0;0;32;-1
2439;The Nine;The dark pact Sylvanas struck with the val'kyr forged her bond with the Jailer. Through the years, these winged sisters faithfully served the Dark Lady, even if it meant sacrificing themselves on her behalf. Now Sylvanas calls her nine val'kyr to fight for her one last time.;0.4221610128879547,0.19267700612545013;1193;2429;3;22873;1999;0;0;-1
2440;Kel'Thuzad;The nefarious Kel'Thuzad awaits at the apex of the soul river, allowing the lich to draw upon an unlimited well of power. All his countless schemes and machinations have led to this final confrontation, where he has plotted the mortal champions' ultimate demise in service of his true master.;0.2967030107975006,0.5223479866981506;1193;2422;9;22880;2001;0;0;-1
2441;Sylvanas Windrunner;With Oribos in peril, a desperate battle at the pinnacle of the Sanctum begins. Standing between the Jailer and the mortals who would stop him is Sylvanas Windrunner. With no masks left to wear, the Banshee Queen unleashes her full power to protect the Banished One while his ultimate plan unfolds.;0.51664799451828,0.5313469767570496;1193;2435;10;22886;2002;0;0;-1
2442;The Eye of the Jailer;When Azeroth was young, Odyn traded his eye to Mueh'zala to peer into the Shadowlands. Vain Odyn was deceived, for the Jailer twisted the Eye to serve his own ends. The Eye's unwavering gaze allows the Jailer to see all that transpires within his domain--and perhaps others as well.;0.46711501479148865,0.9423080086708069;1193;2433;2;22892;1999;0;0;-1
2443;Painsmith Raznal;Painsmith Raznal is a sadistic mastermind who has spent eons perfecting the deadly traps found in Torghast. He relishes the screams of his victims as a testament to his skill, listening with malignant delight as they echo through the tower's desolate halls.;0.6630039811134338,0.2965799868106842;1193;2430;6;22898;2000;0;0;-1
2444;Remnant of Ner'zhul;Intended to herald the Jailer's reign on Azeroth, the first Lich King, Ner'zhul, proved unworthy in his master's eyes. The last remnants of the fallen orc's twisted soul were encased in spiked shadowsteel, condemned to everlasting torment for his failure. All who cross his path will share in his suffering.;0.8882790207862854,0.3568960130214691;1193;2432;4;22904;2000;0;0;-1
2445;Soulrender Dormazain;Soulrender Dormazain extracts anima from the hellaciously brutish captives of Torghast to fuel the Jailer's armies. Dormazain has never met a soul he couldn't break, but his latest victim is proving resistant to the usual methods. Feeding on this captive's unending rage, Dormazain will enjoy spending millennia finding his weaknesses.;0.5348809957504272,0.7156599760055542;1193;2434;5;22910;2000;0;0;-1
2446;Guardian of the First Ones;"Pulled by the Jailer's chains from a distant, unknown realm, this malfunctioning guardian seeks to protect the inscrutable knowledge known as ""cyphers"". It uses the last of its power to obliterate any who would attempt to plunder the secrets of its enigmatic makers.";0.6428580284118652,0.1579670011997223;1193;2436;7;22916;2001;0;0;-1
2447;Fatescribe Roh-Kalo;Once a fatescribe entrusted with Korthia's countless secrets, the Mawsworn seized Roh-Kalo and bound him to the Jailer's will. With Torghast's power at his disposal, Roh-Kalo seeks to author a new fate for the Shadowlands.;0.5748800039291382,0.7028989791870117;1193;2431;8;22922;2001;0;0;-1
2448;Hylbrande;The theft of an ancient Titan artifact has awoken its guard: Hylbrande, Sword of the Keepers. Dismantle the myriad of security protocols at Hylbrand's command, or become permanent residents of the tomb.;0.4832659959793091,0.18484100699424744;1194;2426;6;22996;1995;0;0;-1
2449;Timecap'n Hooktail;Months of planning went down the latrine when So'leah appeared in the middle of Timecap'n Hooktail's heist and stole her prize. Consumed by rage, the pirate queen unleashes her true form and rampages over anyone caught in her path.;0.48197001218795776,0.6619840264320374;1194;2419;7;23015;1996;0;0;-1
2451;So'azmi;"Among those brokers who live by the blade, none match the skill of So'azmi, Cartel So's lethal assassin. So'azmi is forever perfecting his technique; as such, it gives him great pleasure to instruct his enemies in the art of fighting -- even as he slices them to pieces.";0.3366659879684448,0.5446869730949402;1194;2437;5;23038;1989;0;0;-1
2452;Myza's Oasis;The drinks are ethereal, the ambience is intoxicating, and Zo'gron the door guard is impatient. In this Oasis, live performers will not leave that way if they fail to please the crowd.;0.36445799469947815,0.15210799872875214;1194;2440;4;23092;1989;0;0;-1
2454;The Grand Menagerie;"The Xy cartel ""acquire"" rare and valuable items to sell within their menagerie. Nothing is off-limits; exotic beasts, forbidden technology, even cursed artifacts, are all on display. If your heart desires it, Cartel Xy will aquire it for you -- as long as you can pay their price.";0.47834399342536926,0.7440509796142578;1194;2441;2;23155;1989;0;0;-1
2455;So'leah;So'leah's thirst for power culminates in this final battle. Having unleashed a force she does not fully understand, the cartel leader is transformed into a creature of unbridled ferocity. As rampant energy spills from the artifact, So'leah must be stopped before her actions tear down the foundation of the Shadowlands.;0.08818349987268448,0.542119026184082;1194;2442;8;23320;1989;0;0;-1
2456;Mor'geth, Tormentor of the Damned;Among the countless minions of the Jailer, few relish their twisted work as intently as the vile Mor'geth. Obsessed with breaking the will of any soul unfortunate enough to fall into his grasp, Mor'geth maintains an iron grip upon the battlefield, ensuring that any misstep will be his opponent's last.;0.5,0.5;1192;2496;5;23648;0;0;0;-1
2457;Lords of Dread;Using subterfuge and guile, the nathrezim have worked for eons to bring the Jailer's plan to fruition. Now, on the brink of their master's victory, they only need to complete one final task to ensure none are left to resist the new order of the cosmos.;0.595641016960144,0.47275999188423157;1195;2543;9;23863;2052;0;0;-1
2458;Vigilant Guardian;This eternal guardian lies in wait, keeping a timeless vigil over the entrance to the Sepulcher of the First Ones.;0.5326880216598511,0.519976019859314;1195;2512;1;23871;2047;0;0;-1
2459;Dausegne, the Fallen Oracle;Dominated by the Jailer, Dausegne leads the Mawsworn in a battle to gain control of the Forge of Afterlives. The Jailer plans to use its power to unleash an eternity of torment upon all of reality.;0.5217909812927246,0.4328089952468872;1195;2540;4;23879;2048;0;0;-1
2460;Prototype Pantheon;Bereft of the cosmic spirits of the Eternal Ones, these incomplete host bodies can only carry out their base directives without mercy or compassion. With the enemy at the gates, Lihuvim has little choice but to activate these dangerous prototypes.;0.32566601037979126,0.7033889889717102;1195;2544;5;23887;2049;0;0;-1
2461;Lihuvim, Principal Architect;With meticulous care, Lihuvim weaves ephemera into being in accordance with the hallowed will of the First Ones. Now this process is threatened as Mawsworn forces seek to claim this power.;0.6440680027008057,0.22397099435329437;1195;2539;6;24296;2049;0;0;-1
2463;Halondrus the Reclaimer;For eons Halondrus traversed the cliffs of the Sepulcher of the First Ones, fulfilling its sacred purpose of reclaiming ephemera and returning it to the great cycle. With intruders now throwing this pattern into anarchy, the ancient keeper will do whatever it must to maintain order.;0.4430989921092987,0.7760279774665833;1195;2529;7;23911;2061;0;0;-1
2464;The Jailer;For untold millennia, the Jailer patiently unfolded his plan to reach the heart of the Sepulcher. Now poised upon the precipice of his final victory, the heroes of Azeroth must rally to prevent the Jailer from dominating all of reality.;0.5048450231552124,0.474355012178421;1195;2537;11;23919;2051;0;0;-1
2465;Skolex, the Insatiable Ravener;With the Sepulcher of the First Ones vulnerable, devourers swarm in to feed their hunger. Among these aberrations is the ravenous Skolex. As the great worm consumes vast amounts of ephemera, the Sepulcher is thrown out of balance and threatens to collapse upon itself.;0.14406700432300568,0.6961249709129333;1195;2542;2;23943;2061;0;0;-1
2467;Rygelon;Drawn to observe the fateful events unfolding within the Sepulcher of the First Ones, Rygelon succumbed to the Jailer's domination. Now this constellar turns its cosmic power against any who would oppose the Banished One.;0.3765130043029785,0.4963679909706116;1195;2549;10;24011;2052;0;0;-1
2468;Antros;Antros serves as the guardian to the treasures of Antecedent Isle. The Jailer's forces seek to use it in its' newly dominated form to unearth the isle's secrets to further desecrate Zereth Mortis.;0.5,0.5;1192;2550;6;24021;0;0;0;-1
2469;Anduin Wrynn;Controlled by Domination magic, Anduin is being forced to aid the Jailer's plan to remake reality. As time runs out to stop him, the champions of Azeroth must make a difficult choice: defeat the young king to save the cosmos, or risk everything in order to restore his soul.;0.40537500381469727,0.5185109972953796;1195;2546;8;24057;2050;0;0;-1
2470;Artificer Xy'mox;After his defeat in Castle Nathria, Artificer Xy'mox sank back into the shadows to plot his next heist. With the Sepulcher of the First Ones now vulnerable, Xy'mox has summoned the full might of the Xy Cartel to plunder the ancient knowledge and powerful relics buried there.;0.39467400312423706,0.4437049925327301;1195;2553;3;24193;2061;0;0;-1
2471;Hackclaw's War-Band;Rira Hackclaw and her compatriots, Gashtooth and Tricktotem, have risen up as a deadly war-band among the Brackenhide. Their tactics are the reason tuskarr never travel alone, and their strength is the reason Wratheye has them guarding the gate to the Hollow.;0.3603009879589081,0.4057469964027405;1196;2570;1;24714;2096;0;0;-1
2472;Gutshot;This sharpshooting gnoll has mastered the art of hunting, trapping, and killing her prey. Impressed by her abilities and cunning, the Decatriarch has assigned Gutshot to oversee and train the other hunters... and take out any interlopers that might venture too far into Brackenhide.;0.590362012386322,0.2966879904270172;1196;2567;3;24718;2096;0;0;-1
2473;Treemouth;Withered by decay, this once proud ancient has been dubbed Treemouth by the gnolls. As the rot settled into its branches, so too did it settle in the poor creature's mind, leaving a creature bent on nothing more than the need to feed and spread decay.;0.5893279910087585,0.8162660002708435;1196;2568;2;24722;2096;0;0;-1
2474;Decatriarch Wratheye;Wratheye discovered decay magic in her thirst for power, and declared herself the Decatriarch after mastering it. She now builds the strength of the Brackenhide by spreading her dark magic among her tribe so the tuskarr, and all of the Azure Span, will rot in its wake.;0.5327669978141785,0.49818000197410583;1196;2569;4;24726;2106;0;0;-1
2475;The Lost Dwarves;The quest for ancient knowledge, untold riches, and worldwide fame has lured brothers Eric, Olaf, and Baelog into the depths of Uldaman once again. But it seems these brazen explorers may have stayed underground a bit too long, as their scrambled senses are preventing them from recognizing whether someone is friend... or foe.;0.7836359739303589,0.8563629984855652;1197;2555;1;24736;2071;0;0;-1
2476;Emberon;Titan vaults are infamous for their intricate defenses, and the halls of Uldaman are no exception. Forged by the skilled hands of Keeper Archaedas long ago, Emberon was imbued with the ability to unleash searing flames upon any who seek to plunder the titans' secrets.;0.21515199542045593,0.25636398792266846;1197;2558;4;24742;2071;0;0;-1
2477;Balakar Khan;"Balakar Khan is the ruthless leader of Clan Nokhud. His stormcasters have captured the great eagle spirit Ohn'ahra, and he wants to seize the Windmother's power. Hatred unites his clan against all ""outsiders."" As the relentless offensive continues, someone must stand up to this tyrant.";0.3510200083255768,0.38775500655174255;1198;2580;4;24765;2093;0;0;-1
2478;Teera and Maruuk;Ukhel necromancers are resurrecting legendary centaur. The spirits of the first matriarch, Teera, and the centaur's greatest warrior, Maruuk, have risen from their graves. Once their fury has abated, perhaps they can find rest again... and eternal peace.;0.32823100686073303,0.6964280009269714;1198;2581;3;24770;2093;0;0;-1
2479;Chrono-Lord Deios;While the Dragon Queen seeks to restore the Aspects' powers, there are others among dragonkind who do not want to see Alexstrasza's plan succeed. Chrono-Lord Deios intends for his flight to control the timeways and to usher in the coming of the one true Aspect, whose dominion shall be... Infinite.;0.40424299240112305,0.26909101009368896;1197;2559;5;24776;2072;0;0;-1
2480;Eranog;Eranog, commander of the Primalist forces, is relentless in his pursuit of power. With the Incarnates' release imminent, Eranog summons the whole of his army and will not hesitate to sacrifice his devoted followers to achieve victory.;0.572288990020752,0.2078309953212738;1200;2587;1;24843;2119;0;0;-1
2482;Sennarth, the Cold Breath;Sennarth, Kurog Grimtotem's most vicious creation, is a massive arachnid infused with the unforgiving cold. Her singular purpose is to guard her brood of thousands, awaiting the day they'll hatch and enshroud Azeroth in a web of winter.;0.28714901208877563,0.3584330081939697;1200;2592;4;24879;2122;0;0;-1
2483;Telash Greywing;Furious at the blue dragonflight, Telash Greywing is determined to find the secrets that Sindragosa has been hiding in the Azure Vault. Together with the Sundered Flame, he is certain he will discover more about the origins of the dracthyr... and incriminating evidence against the blue dragonflight.;0.3567970097064972,0.5254849791526794;1203;2583;3;24920;2076;0;0;-1
2484;Sentinel Talondras;Talondras is one of the refti, a titan-forged race crafted by Keeper Tyr to work in harmony with dragonkind. Fiercely loyal to their maker, the refti were sometimes sent to distant shores to carry out important missions. Sentinel Talondras was charged with defending the route to the disc holding Tyr's memories, and is determined to keep the unworthy from laying claim to her maker's legacy.;0.3060609996318817,0.7054539918899536;1197;2557;3;24926;2071;0;0;-1
2485;Kokia Blazehoof;As Primalist forces assault the Ruby Life Pools from all sides, it falls to Kokia and her Blazebound lieutenants to capture precious eggs from overwhelmed defenders, all while spreading flame and havoc as they go.;0.4004859924316406,0.4271849989891052;1202;2606;2;24936;2094;0;0;-1
2486;The Primal Council;These masters of the elements are ruthless in their pursuit of power. Embar Firepath is as merciless as the fire she commands. Opalfang wields the might of the earth to crush her enemies. Kadros Icewrath is cold and cruel, while his sibling Dathea Stormlash is as wild and unpredictable as a raging storm.;0.4357430040836334,0.7048199772834778;1200;2590;3;24948;2120;0;0;-1
2487;Bromach;The burly Bromach is chieftain of the Stonevault troggs, a brutal bunch who believe that Uldaman's treasures belong to them. While Bromach has a particular distaste for meddling dwarves, he's determined that no outsiders will get past him.;0.5945450067520142,0.6399999856948853;1197;2556;2;24979;2071;0;0;-1
2488;Melidrussa Chillworn;Melidrussa Chillworn leads the Primalist infusion efforts in the Ruby Life Pools. Her fervent belief is that she is protecting young dragon eggs from the influence of the titans and cleansing them from the stain of Order magic. She will stop at nothing to fulfill her calling and return the eggs to what she believes is their natural state.;0.6140779852867126,0.3889560103416443;1202;2609;1;24995;2095;0;0;-1
2489;Forgemaster Gorek;As one of the Djaradin's most distinguished craftsmen, Forgemaster Gorek now resides in his sweltering chamber of the black dragon barracks. There, he harnesses the igneous power of the massive forge to construct deadly weaponry.;0.338591992855072,0.6565529704093933;1199;2612;2;25104;2081;0;0;-1
2490;Chargath, Bane of Scales;This veteran dragon hunter's title was given ages ago as a mark of legend. While the Qalashi hunters under his command train, he plans their next offensive and awaits with eager anticipation the opportunity to display his expertise.;0.43190398812294006,0.6656550168991089;1199;2613;1;26041;2080;0;0;-1
2491;Kurog Grimtotem;Once a prized pupil of Magatha Grimtotem, this master of the primal elements is preparing to unleash his most devastating creations. If Kurog is not stopped, his entities of storm, fire, ice, and earth will wreak havoc across the whole of Azeroth.;0.5140560269355774,0.5090360045433044;1200;2605;6;25032;2124;0;0;-1
2492;Leymor;Leymor was born of a humble seedling that Malygos found in a pool of ley energy. Once but a small sprout in Sindragosa's garden, over millenia Leymor has shot up like a weed. Left to its own devices, the looming giant would surely overrun the entirety of the Azure Vault.;0.37257298827171326,0.5400480031967163;1203;2582;1;25092;2073;0;0;-1
2493;Broodkeeper Diurna;Broodkeeper Diurna is the fierce guardian of the Primalist Clutchwarren. She devotes her considerable strength to protect the unhatched and seeks vengeance for the one she lost.;0.5100399851799011,0.5210840106010437;1200;2614;7;25115;2126;0;0;-1
2494;Magmatusk;The djaradin discovered many of Neltharion's secrets while plundering Neltharus. An experimental potion gone awry created Magmatusk, a behemoth of a mammoth bent on sheer destruction.;0.6685540080070496,0.6363250017166138;1199;2610;3;25160;2080;0;0;-1
2495;Crawth;The Lish Llrath, or Talon Toss, arena is quite literally for the birds these days. Crawth has taken up residence in the center of the arena and has no immediate plans to move out soon. Let's see if we can get her to play ball... and leave.;0.4678710103034973,0.3694779872894287;1201;2564;3;25203;2098;0;0;-1
2497;The Raging Tempest;Violent storm winds ravage the Ohn'ahran plains. Balakar's stormcasters have coalesced the tempest's fury into an avatar of the storm. The Raging Tempest continues to gather power, not just to devastate the battlefield but the entire Dragon Isles. Unchecked, Primalist chaos will reign on the plains.;0.5343490242958069,0.7704079747200012;1198;2636;2;25217;2093;0;0;-1
2498;Granyth;Granyth casts his shadow over the plains of Ohn'ahra, appearing as an omen of death and destruction. As battles between centaur clans rage across the plains, he knows it is time to destroy his ancient enemies once and for all. Soon he will land on the battlefield. Clan Shikaar's ballistae will be ready.;0.7214229702949524,0.5127549767494202;1198;2637;1;25222;2093;0;0;-1
2499;Raszageth the Storm-Eater;Raszageth devoutly believes that dragonkind was meant to be as wild and free as the storm itself. Should she succeed at freeing her fellow Incarnates from their ancient prison, Raszageth and her kin will topple the Aspects and scour the world clean of every trace of the titans' influence.;0.5562250018119812,0.6084340214729309;1200;2607;8;25240;2125;0;0;-1
2500;Terros;Primalists sought to pull Terros, an unyielding force of destruction, from the elemental plane. However, their ritual was interrupted. Trapped between two worlds, this hulking terror seeks to free himself and obliterate everything in his path.;0.21686699986457825,0.7590370178222656;1200;2639;2;25250;2122;0;0;-1
2501;Warlord Sargha;Leader of the Qalash djaradin, Warlord Sargha has been in search of anything that would increase the power of her clan and help take down their draconic enemies. In the hoard at the heart of Neltharus, she may have found exactly what the djaradin need.;0.5217090249061584,0.8693349957466125;1199;2611;4;25258;2080;0;0;-1
2502;Dathea, Ascended;Driven manic by her defeat, Dathea strikes a bargain with Raszageth to attain even greater power. Imbued with a fraction of the Incarnate's strength, Dathea gains control of the wind itself and unleashes its ferocity to tear her enemies apart.;0.5602409839630127,0.5150600075721741;1200;2635;5;25290;2121;0;0;-1
2503;Kyrakka and Erkhart Stormvein;Kyrakka and Erkhart roam the skies above the Ruby Life Pools coordinating attacks on the shrine below, while also taking out any interfering dragons. If left unchecked they burn the Life Pools to the ground and blow the remaining ash away in a cleansing elemental storm.;0.20752400159835815,0.18143199384212494;1202;2623;3;25361;2094;0;0;-1
2504;Watcher Irideus;Tasked by Keeper Tyr to protect and maintain the Halls of Infusion, Watcher Irideus has performed his duties to perfection... until now. Caught off guard by the Primalists' incursion, he was overwhelmed by the elemental forces they unleashed. A mistake he does not intend to make again.;0.6164649724960327,0.35341399908065796;1204;2615;1;25383;2082;0;0;-1
2505;Azureblade;As security for the Vault, Azureblade refused to leave when it was sealed, choosing duty over safety. When the blue dragons failed to return, her bitter resignation drove her to eventual madness. Extending her own life with the magics she was sworn to protect, Azureblade now claims ownership over all the blue dragonflight left behind.;0.7603549957275391,0.5527909994125366;1203;2585;2;25405;2075;0;0;-1
2506;Basrikron, The Shale Wing;Basrikron is significantly heavier than his kin, and as such prefers life on the ground to soaring through the air. Basrikron's surroundings are his to conquer, and allow him to perfect his craft. He speaks and the ground obeys, allowing him to bring to bear the full might of the earth upon those foolish enough to face him.;0.5,0.5;1205;2640;1;25422;0;0;0;-1
2507;Gulping Goliath;Deep within the caverns of the Halls of Infusion lurks the Gulping Goliath. Sire to countless generations of hornswogs, the Goliath and his brood have thrived upon the unprocessed waters of the wellspring. Driven by an insatiable hunger, he will eagerly devour any creature that strays too close to his lair.;0.5401610136032104,0.8574299812316895;1204;2616;2;25460;2083;0;0;-1
2508;Umbrelskul;Millenia ago, Umbrelskul unwittingly meddled with raw arcane power. Riddled with crystalline growths, he was taken to the Azure Vault until a cure could be found. Sadly, the Vault was sealed away before the research was completed, leaving Umbrelskul sleeping in stasis... until now.;0.5230579972267151,0.5254849791526794;1203;2584;4;25483;2077;0;0;-1
2509;Vexamus;"As one of the most tenured professors in the academy, Maxdormu uses his powers as a bronze dragon to help bring his history lessons to life.

While this proves to be quite an educational and fun experience, it can occasionally go awry. Vexamus is one of Professor Maxdormu's favorite lessons, but if any historical detail is inaccurate he will be quick to scold any rowdy students.";0.3035770058631897,0.35743001103401184;1201;2562;1;25504;2097;0;0;-1
2510;Khajin the Unyielding;Khajin the Unyielding seethes with hatred for Keeper Tyr for tampering with the ancient wellspring beneath Tyrhold. Waters that once flowed with the eternal essence of Azeroth have been polluted by Order magic. Khajin would see the world freed from the malignant legacy of the titans... at any cost.;0.31124499440193176,0.8172690272331238;1204;2617;3;25518;2083;0;0;-1
2511;Primal Tsunami;Infuser Sariya is driven to restore the world to what it once was: a primal elemental landscape of unfettered power. She has used all her will and cunning to summon the Primal Tsunami, an elemental being mighty enough to topple Keeper Tyr's facility and return the waters of the wellspring to their natural state.;0.42904898524284363,0.4759039878845215;1204;2618;4;25525;2083;0;0;-1
2512;Overgrown Ancient;Professors Mystakria and Ichistrasz have used just a touch too much magic in an effort to clear the botany labs. Now they have a big, leafy problem on their hands in the form of an Overgrown Ancient that threatens to undo all their hard work.;0.5632830262184143,0.41767099499702454;1201;2563;2;25532;2097;0;0;-1
2514;Echo of Doragosa;Headteacher Doragosa thought of everything when it came to Algeth'ar Academy. Including a complex simulacrum of herself to take care of any day to day tasks and upkeep while the Isles lay dormant. Now that the Academy is open once again, perhaps she can use it to help keep track of all the new students. It's done a fine job in the interim, and is absolutely the one spell that did not degrade after all these years. Perfectly stable and helpful. Right?;0.617684006690979,0.6062049865722656;1201;2565;5;25653;2099;0;0;-1
2515;Strunraan, The Sky's Misery;Strunraan's presence has been known to make the skies cry. His tempest electrifies the air and wreaks havoc upon the land. Drawn to the gale power, Strunraan now threatens the lands and people of the Ohn'ahran Plains.;0.5,0.5;1205;2651;0;25670;0;0;0;-1
2517;Bazual, The Dreaded Flame;Bazual's special connection to the Plane of Fire allows him to directly siphon power from the Firelands. With the help of the Primalist forces, Bazual is expanding portals to the Firelands in the Azure Span.;0.5,0.5;1205;2653;1;25864;0;0;0;-1
2518;Liskanoth, The Futurebane;Imbued with an immense icy power, Liskanoth oversees the land conquered by the Primalists. Liskanoth's very presence casts a chill down the spine of all who encounter her. If left to continue her conquest, Liskanoth will annihilate all who dare enter Thaldraszus.;0.5,0.5;1205;2652;1;25884;0;0;0;-1
2519;Fyrakk the Blazing;Engorged with the power of shadowflame and wielding the legendary axe Fyr'alath the Dream Render, Fyrakk now prepares to feast on the energies of Amirdrassil itself.;0.5663949847221375,0.5325199961662292;1207;2677;9;26130;2238;0;0;-1
2520;Scalecommander Sarkareth;As leader of the Sundered Flame, Scalecommander Sarkareth broke away from the rest of the dracthyr to forge a new future. He has since led his forces to Aberrus, intent on claiming the legacy he believes rightfully belongs to his kind and willing to do anything to obtain it.;0.4901149868965149,0.7125189900398254;1208;2685;9;26136;2170;0;0;-1
2521;Chronikar;Chronikar spent her entire life in service to the infinite dragonflight, making her way up the ranks until she earned the title of commander. Even among the radical infinites, her zealotry is unmatched. As the venerated rearguard, she will stop at nothing to put an end to any who dare oppose her order.;0.5769230127334595,0.6612430214881897;1209;2666;1;26415;2190;0;0;-1
2522;Kazzara, the Hellforged;Although Neltharion would not use them himself until much later, he experimented with elementium plating in the early days of Aberrus. The end result of elementium and shadowflame was Kazzara, who was deemed far too unstable for release. Driven mad by the excruciating pain of her elementium plates, she now serves as the guardian of the Shadowed Crucible.;0.5131800174713135,0.7224040031433105;1208;2688;1;26173;2166;0;0;-1
2523;Echo of Neltharion;Tucked away in the depths of the Shadowed Crucible, Neltharion's sanctum was a place of refuge and research for the Earth-Warder. Some say that echoes of his powerful presence still linger here, contemplating the future of the black dragonflight and how to obtain the power to ensure its success.;0.5082370042800903,0.2850080132484436;1208;2684;8;26188;2169;0;0;-1
2524;Assault of the Zaqali;Led by Warlord Kagni, the Zaqali warband has launched an all-out assault against the Shadowed Crucible in search of their missing Elder, Rashok. Brutal and ruthless, Kagni is willing to employ any tactic to succeed.;0.4258649945259094,0.35420098900794983;1208;2682;4;26205;2168;0;0;-1
2525;Rashok, the Elder;Imprisoned within Aberrus for a millennia, the Zaqali elder Rashok has been perpetually drained of the raging flame within him to power Neltharion's twisted laboratory. Existing on the edge of death for so long has driven the elder mad. Should he break free, his vengeance will scour the Shadowed Crucible's halls.;0.6746309995651245,0.21828700602054596;1208;2680;5;26552;2166;0;0;-1
2526;Tyr, the Infinite Keeper;With the true timeline now altered by Murozond's rise, the heroes of Azeroth are faced with many oddities. Chief among them being Titan-Keeper Tyr joining forces with the infinite dragonflight. His legendary loyalty now turned against them, the heroes of Azeroth have no choice but to fight. To win.;0.4211040139198303,0.46153900027275085;1209;2670;5;26245;2195;0;0;-1
2527;Magmorax;Raised from a pup by Neltharion, the only thing stronger than the loyalty of Magmorax is his appetite. The lava hydra guards the passage into the deepest chambers of the Shadowed Crucible, keeping his master's secrets safely hidden from prying eyes.;0.5131800174713135,0.46787500381469727;1208;2683;7;26265;2166;0;0;-1
2528;Manifested Timeways;A manifestation of the sands of time itself. This ancient being is always watching, always waiting for the moment when the Timeways are in peril. She was unable to stop the infinite dragonflight as they crashed their way into the past. Now, faced with more intruders, she refuses to fail a second time.;0.6755419969558716,0.585798978805542;1209;2667;2;26291;2191;0;0;-1
2529;The Amalgamation Chamber;The Eternal Blaze burns with the heat of a thousand suns, while the Essence of Shadow blooms with darkness incarnate. Although exceptionally powerful on their own, when combined they surge with the unchecked might of shadowflame, creating a whirlwind of ultimate destruction.;0.44398701190948486,0.6359140276908875;1208;2687;2;26304;2167;0;0;-1
2530;The Forgotten Experiments;The development of the dracthyr produced many iterations, some more successful than others. Early versions of the experiment proved far too volatile to destroy. Kept dormant for thousands of years, these creations have now awakened, and seek to test their prowess against the champions of Azeroth.;0.35008299350738525,0.23064200580120087;1208;2693;3;26308;2166;0;0;-1
2531;The Zaqali Elders;Vakan and Gholna, powerful djaradin elders, are each a master over their respective element. Gholna with lava and Vakan with shadowflame, they are locked in constant conflict over who is stronger. Through devastation and chaos, each elder attempts to outdo the other until one of them is crowned victor.;0.5,0.5;1205;2696;1;26364;0;0;0;-1
2532;The Vigilant Steward, Zskarn;Long ago, Zskarn was tasked with testing the mettle of Neltharion's experiments. Only the most powerful would pass muster and keep their lives. The latest visitors to the Shadowed Crucible have attracted his unwavering attention--but his approval will be much harder to earn.;0.5131800174713135,0.24546900391578674;1208;2689;6;26369;2166;0;0;-1
2533;Time-Lost Battlefield;One of the many battles between the Alliance and Horde have bled into the Timeways, and it's up to the heroes of Azeroth to put an end to this time anomaly in order to continue their journey. But first they will have to face Grommash Hellscream, one of the Horde's mightiest chieftains. For the Alliance!;0.5049309730529785,0.5428990125656128;1209;2672;7;26510;2197;0;4;-1
2534;Time-Lost Battlefield;One of the many battles between the Alliance and Horde have bled into the Timeways, and it's up to the heroes of Azeroth to put an end to this time anomaly in order to continue their journey. But first they will have to face Anduin Lothar, one of the Alliance's greatest commanders. For the Horde!;0.503944993019104,0.547336995601654;1209;2672;7;27247;2197;0;8;-1
2535;Blight of Galakrond;These primal dragons were brought back by the necrotic energies dripping from the corpse of Galakrond. Ahnzon is the crackling hunger of the storm. Dazhak the all-consuming gluttony of the flame. Loszkeleth the seeping starvation of the cold. And the heroes of Azeroth are looking like a tasty meal...;0.35996100306510925,0.35503000020980835;1209;2668;3;26542;2194;0;0;-1
2536;Morchie;Morchie is the alternate form of Chromie, created by a timeline where Murozond rose and the infinites reigned supreme. And it so happens that she rather enjoys being part of the true timeline, and would like to keep it that way. Unfortunately, the heroes of Azeroth keep getting in the way of her plans.;0.4881660044193268,0.5399410128593445;1209;2671;6;26573;2196;0;0;-1
2537;Iridikron the Stonescaled;Iridikron is a powerful Incarnate who wields both the power and patience of earth itself. He wishes to topple the Aspects and rid the world of the titan's influence. However, his exact plans to do so are not yet known. Why has he joined forces with the infinites? Whatever the answer, he must be stopped.;0.45167699456214905,0.7840240001678467;1209;2669;4;26577;2194;0;0;-1
2538;Chrono-Lord Deios;At long last, the infinite dragonflight shall usher in a new dawn for the world of Azeroth. Chrono-Lord Deios has traveled far into the past to ensure that Murozond shall rise. The heroes of Azeroth have already seen him succeed once. This time, can they stop him?;0.5078889727592468,0.5650889873504639;1209;2673;8;26581;2194;0;0;-1
2553;Larodar, Keeper of the Flame;Once a faithful protector of the grove, Larodar succumbed to the power of flame. Now the twisted guardian is bent on reducing the Dream--and any who stand in his way--to ash.;0.36720898747444153,0.31910601258277893;1207;2731;5;27237;2244;0;0;-1
2554;Igira the Cruel;Driven by cruelty, Igira is able to forge devastating weapons from the screams of her enemies. Within the verdant realm of the Emerald Dream, the torturer seeks to expand her arsenal.;0.5081300139427185,0.2560980021953583;1207;2709;2;27268;2232;0;0;-1
2555;Council of Dreams;The Council of Dreams are steadfast in their duties as defenders. Pip employs lethal trickery to confound his victims, while Urctos relies on brute strength to demolish his enemies. Aerwynn uses her wisdom and cunning to dominate the field, and guide her fellow council members.;0.43360400199890137,0.6117889881134033;1207;2728;4;27296;2240;0;0;-1
2556;Nymue, Weaver of the Cycle;Nymue was placed in this verdant realm when Eonar and Freya shaped the Dream. In Wellspring Temple, they enforce and protect the ordering of the Emerald Dream, weaving its wilderness into complex patterns.;0.6219499707221985,0.3109759986400604;1207;2708;6;27304;2240;0;0;-1
2557;Volcoross;It is said that Volcoross, the lava serpent, is so vast that no creature has lived long enough to see him in his entirety. The gargantuan viper now coils himself around the Emerald Dream to devour it whole.;0.5501350164413452,0.5894309878349304;1207;2737;3;27334;2244;0;0;-1
2559;Blazikon;Living flame hungers for fuel. Blazikon burns eternal in Darkflame Cleft, simmering with malice and rage. Loyal kobold attendants worship here, for his incendiary realm is surrounded by dire darkness. Fanatic kobolds would gladly sate this monstrosity's hunger by sacrificing... you.;0.4156630039215088,0.4126499891281128;1210;2826;2;27352;2303;0;0;-1
2560;The Candle King;Candle King was the tyrannical ruler of a kobold kingdom. His subjects toiled in his mines until an outlander from afar stole his crown and deposed him. Now he's fled deeper within Darkflame Cleft, seething with rage and threatening to return. Snuff his flame once and for all.;0.4156630039215088,0.866008996963501;1210;2787;3;27359;2303;0;0;-1
2561;The Darkness;What terrors lurk in shadows? Why do kobolds keep candles lit? Tiny creatures huddle around campfires, telling tales of ancient evil. THE DARKNESS can be defeated but never destroyed. Instead, it inevitably returns in a new terrifying shape. Stay in the light. THE DARKNESS WAITS.;0.8182740211486816,0.748494029045105;1210;2788;4;27366;2303;120175;0;-1
2562;Aurostor, The Hibernator;Aurostor follows a strict regimen of sleep. Fyrrakk's assault on the Emerald Dream has disturbed this cycle, rousing the Furbolg Wild God from his slumber too soon. In a sleep deprived state, this raging Wild God attacks any passersby in an attempt to wear himself out.;0.5,0.5;1205;2828;5;27441;0;0;0;-1
2563;Smolderon;As the new Firelord, Smolderon has unleashed the power of the Firelands to expand his domain and incinerate the Emerald Dream.;0.5040649771690369,0.33536601066589355;1207;2824;7;27453;2233;0;0;-1
2564;Gnarlroot;Once a devoted protector of the Emerald Dream, this formerly majestic ancient has been ravaged by flame and now only seeks to destroy.;0.5094850063323975,0.40040698647499084;1207;2820;1;27463;2232;0;0;-1
2565;Tindral Sageswift, Seer of the Flame;Obsessed with restoring immortality to the Kaldorei, Tindral Sageswift agreed to work with Fyrakk. On the cusp of Fyrakk's victory, the Seer of the Flame stands against the champions of Azeroth, ready to ensure Amirdrassil is reborn in flame.;0.38346800208091736,0.8841450214385986;1207;2786;8;28326;2234;0;0;-1
2566;Kyrioss;Stormguard Gorren's stormrook, though corrupted by void magic, still loyally fights by his side. And, if anything gets in his way, Kyrioss will dutifully tear them apart.;0.4980280101299286,0.5059170126914978;1268;2816;0;27541;2316;0;0;-1
2567;Stormguard Gorren;Once Stormward Baelgrim's second, Stormguard Gorren has been corrupted by void magic, causing his hate for Baelgrim to fester. Using his newfound void powers, he seeks to overrun the Stormperch and command his own army of Voidriders created from corrupted Stormriders.;0.5571990013122559,0.627219021320343;1268;2861;2;27552;2319;0;0;-1
2568;Voidstone Monstrosity;A grotesque amalgamation of corrupted stormriders, this towering mass of void power knows only pain and how to inflict it. Taking it down is the only way to cleanse the Stormperch and its rookery.;0.5729780197143555,0.5502960085868835;1268;2836;3;27558;2320;0;0;-1
2569;Ol' Waxbeard;Howdy! Sit a spell. Hear about Ol' Waxbeard. Kobolds respect this old-timer for tamin' Wick, the rowdiest mole in creation! Waxbeard's seen folks come n' go. Now Candle King's in charge. That don't change nothin'! Ya still need to stay off his property! Why are here? Go on! Get!;0.2249000072479248,0.204818993806839;1210;2829;1;27620;2303;0;0;-1
2570;Baron Braunpyke;Distraught over the death of his brother, Baron Braunpyke has pledged his loyalty to Prioress Murrpray. The powerful knight now acts as her personal enforcer, protecting the secrets of the Priory from both outsiders and insufficiently loyal Arathi.;0.8393939733505249,0.48677700757980347;1267;2835;2;27758;2309;0;0;-1
2571;Captain Dailcry;Captain Dailcry commands the grounds of the Priory of the Sacred Flame. He drills the acolytes in the approved martial disciplines of the empire and ensures that their training and loyalty are of imperial quality.;0.37107399106025696,0.5462809801101685;1267;2847;1;27814;2308;0;0;-1
2572;E.D.N.A.;Defense protocols engaged! Earthen Defense and Neutralization Automaton is active. Informal nomenclature: E.D.N.A. This golem has contingencies for any potential intruder. Killing skardyn is its primary directive, but any unauthorized intuder is sufficient for a lethal response.;0.535709023475647,0.41828998923301697;1269;2854;0;27846;2341;0;0;-1
2573;Prioress Murrpray;Prioress Haelsey Murrpray directed the building of the Priory of the Sacred Flame to contemplate the sacred star Beledar. Insight into the emperor's vision has proved elusive. Instead, she has discovered secrets of the Sacred Flame that will bring them victory over their enemies in Hallowfall, and at home in the empire.;0.2542699873447418,0.5743799805641174;1267;2848;3;27927;2309;0;0;-1
2579;Skarmorak;The High Speaker spent countless years attempting to restore the Awakening Machine. One failed attempt resulted in a new horror: a golem infused with skardyn corruption. Crystals augment its elemental configuration. Though it barely communicates its alien mindset, its hatred for all creation is undeniable.;0.8020910024642944,0.32515400648117065;1269;2880;0;28087;2341;0;0;-1
2580;Speaker Shadowcrown;The new leader of the Order of Night, Shadowcrown forged an alliance with Azj-Kahet and masterminded an audacious plan to steal the flagship Dawnbreaker. A former ardent from the Priory, she has become consumed by the darkness of Beledar's Shadow.;0.44181400537490845,0.23668700456619263;1270;2837;1;28132;2359;127589;0;-1
2581;Anub'ikkaj;Anub'ikkaj is one of Queen Ansurek's most brilliant tacticians. A meticulous planner known for creative use of indigenous resources. His soldiers are fanatically loyal.;0.34425801038742065,0.4954630136489868;1270;2838;2;28178;2359;127234;0;-1
2582;Void Speaker Eirich;Eirich has been deposed, his authority seized! Overwhelmed, he fled to the innermost sanctum of the Stonevault. Yet in his machinations, he succumbed to transformation: Void energy from a malfunctioning artifact corrupts his living stone! Mystical revelations now shatter his sanity.;0.5379559993743896,0.7548859715461731;1269;2883;4;28202;2341;0;0;-1
2583;Avanoxx;Deserted when Ara-Kara fell to ruin, the creature known as Avanoxx started as nothing more than a humble spider. Years of isolation in an area ripe for feeding have left her free to grow, overseeing her children, her followers, and her territory with unmatched size and ferocity.;0.678242027759552,0.2837499976158142;1271;2926;1;28393;2357;0;0;-1
2584;Anub'zekt;While Anub'zekt has not yet earned his own ascension, he has been granted the honor of overseeing the Ara-Kara harvesting operation. Fiercely tactical and immensely strong, Anub'zekt will not hesitate to step in should his forces prove insufficient in their defense of Ara-Kara.;0.1697240024805069,0.39777201414108276;1271;2906;2;28400;2357;0;0;-1
2585;Ki'katal the Harvester;As one of Ansurek's ascended, Ki'katal has been charged with overseeing the harvest of Black Blood from the very feet of the Queen's own citadel. Harsh and unrelenting, Ki'katal will stop at nothing to see the harvest continue, utilitzing every enhanced ability at her disposal.;0.4685479998588562,0.5589780211448669;1271;2901;3;28407;2358;0;0;-1
2586;Brew Master Aldryr;Barkeep and brew master for the meadery, Aldryr has more than mead on tap. Anyone who messes with the Cinderbrew Meadery's new management messes with Aldryr, and he has many friends in low places.;0.44512999057769775,0.5213220119476318;1272;2900;1;28414;2335;0;0;-1
2587;I'pa;The product of an industrial accident, mead elemental I'pa is as angry about its existence as it is about its meadery being disturbed. It is the full-bodied embodiment of the fiery punch of cinderbrew mead, and will lay anyone who tangles with it out flat.;0.41320300102233887,0.23662599921226501;1272;2929;1;28421;2335;0;0;-1
2588;Benk Buzzbee;Benk's qualifications for beekeeping may be dubious, but he does seem to have a knack for controlling bees and streamlining honey-extracting operations. But, his tampering has limited the bees' freedom and sacrificed the mead's quality, and this cannot stand.;0.5274350047111511,0.7633739709854126;1272;2931;1;28428;2335;0;0;-1
2589;Goldie Baronbottom;Savvy businesswoman Goldie Baronbottom knows a good opportunity when she sees it--like the Cinderbrew Meadery. After barging in and swindling Wenbrandt out of business, Goldie mostly lets her cronies do the work. Even so, she's not afraid to roll up her sleeves and wallop do-gooders herself.;0.5493829846382141,0.5288069844245911;1272;2930;1;28435;2335;0;0;-1
2590;Master Machinists;Master Machinists focus on complex work at prestigious worksites. Brokk and Dorlita have worked as a team for as long as anyone can remember. Granted, Brokk's productivity is slipping, but both are authorized to defend their site with direct and efficient displays of violence.;0.21953000128269196,0.7469710111618042;1269;2888;0;28458;2341;0;0;-1
2593;Rasha'nan;A winged horror from the depths of Azj-kahet. Rasha'nan is Queen Ansurek's secret weapon to destroy the Arathi should her armies fail to conquer Mereldar.;0.3984220027923584,0.45857998728752136;1270;2839;3;28564;2359;127223;0;-1
2594;Orator Krix'vizk;Orator Krix'vizk of the Fifth Strand desires nothing more than ascension, and spends his days extolling the virtues of Queen Ansurek in hopes of gaining her favor. Despite his obsession, he is not without his defenses. Should any cross the Orator, they will find the sound of his bark is far, far worse than his bite.;0.5998010039329529,0.2679640054702759;1274;2907;1;28586;2343;0;0;-1
2595;Fangs of the Queen;Twins Nx and Vx were born together, raised together, and trained in the ways of subterfuge and assassination together. A deadly pair, they earned their ascension together as well. Together they now serve as Fangs of the Queen, taking out any would-be threats to Ansurek's reign with relish.;0.7045919895172119,0.4880239963531494;1274;2908;2;28591;2343;0;0;-1
2596;Izo, the Grand Splicer;Evolution has long been a central part of nerubian life, and none possess greater passion or mastery of this process than Izo. Granted the methods of ascension by Ansurek, Izo pursues this path of perfection with determination, and little concern for who she serves, to what end, or at what cost.;0.5009980201721191,0.784430980682373;1274;2909;4;28596;2344;0;0;-1
2599;Sikran, Captain of the Sureki;Sikran established himself as an arrogant duelist within Queen Ansurek's court. Never knowing the cut of an enemy's blade, Sikran dispatched his rivals one-by-one and was proclaimed Captain of the Sureki by the queen herself. This indomitable fighter now ensures that any who threaten his queen fall before the throne's might.;0.5905060172080994,0.3010160028934479;1273;2898;3;28710;2293;0;0;-1
2600;The Coaglamation;The Grand Splicer's evolutionary experiments often result in by-products of waste and sludge. This abhorrent glop may appear useless to some, but to Izo's clever ingenuity, it offers excellent material components for more experiementation--and a vicious monstrosity waiting to come to life.;0.5,0.47005999088287354;1274;2905;3;28732;2344;0;0;-1
2601;Nexus-Princess Ky'veza;Nexus-Princess Ky'veza arrived at Nerub-ar Palace only recently, quickly establishing herself as a confidante of Queen Ansurek. However, rumors abound within the inner court that she may harbor a dark and deadly secret. If discovered, the princess is prepared to dispatch all witnesses without mercy...;0.24726000428199768,0.4731450080871582;1273;2920;6;28745;2294;0;0;-1
2602;Queen Ansurek;After a revelation of traitors in her court, Queen Ansurek decides she must eradicate the palace's invaders herself. However, paranoia over whom she can trust gnaws at her psyche. With her allies dwindling, Queen Ansurek may delve into dark powers to attain victory, even if that means her most loyal soldiers become her next meal...;0.4779999852180481,0.5460249781608582;1273;2922;8;29997;2295;0;0;-1
2607;Ulgrax the Devourer;Queen Ansurek's evolutionary experimentation created a number of monstrous guardians for her throne, none more voracious than Ulgrax the Devourer. Driven mad by endless hunger, Ulgrax is now the ravenous protector of Queen Ansurek's court.;0.5323590040206909,0.3879069983959198;1273;2902;1;28833;2292;0;0;-1
2608;The Silken Court;Scarab Lord Anub'arash and Skeinspinner Takazj are Queen Ansurek's most trusted advisors, yet these two powerful nerubians harbor a hatred for each other even more powerful than their loyalty to the throne. While unleashing their considerable strength onto their enemies, each also fights to ensure their counterpart doesn't survive.;0.4071129858493805,0.5290259718894958;1273;2921;7;28893;2294;0;0;-1
2609;Rasha'nan;Twisted by Queen Ansurek's experiments, Rasha'nan was transformed from a proud nerubian into a monstrous, winged horror. Trapped within her new form, shattered memories of her former self drive Rasha'nan into an unquenchable rage.;0.3945240080356598,0.5953350067138672;1273;2918;4;28900;2292;0;0;-1
2611;The Bloodbound Horror;In the dark pits below Nerub-ar Palace, the blood of the Old Gods congeals in foul, black pools. The Bloodbound Horror rises from this vile ooze - drawing everything in its path into The Unseeming.;0.4355109930038452,0.6926990151405334;1273;2917;2;28969;2291;0;0;-1
2612;Broodtwister Ovi'nax;Deep within the bowels of the queen's palace, Broodtwister Ovi'nax conducts abominable experiments with the black blood found in Azj-kahet. This corpulent horror lumbers through the palace's cavernous depths, regurgitating inky sludge onto hatchlings to observe its gruesome effects.;0.5540900230407715,0.7697780132293701;1273;2919;5;28978;2294;0;0;-1
2613;Rhahk'Zor;"As the Defias Brotherhood's head foreman of the Deadmines, Rhahk'Zor supervises and ""motivates"" the laborers. His methods, though unconventional, are quite effective.";0.3652696907520294,0.6122754812240601;63;2967;1;29112;291;54459;2;0
2617;General Umbriss;As Azeroth's champions and their red dragon allies assault the gates of Grim Batol, the malefic General Umbriss leads the fortress's cultist and twilight dragonspawn defenders.;0.40518978238105774,0.6871258020401001;71;1051;1;30281;293;0;0;-1
2618;Drahga Shadowburner;This Twilight's Hammer warlock is on a mission from the Bastion of Twilight. Should heroes overcome his fiery minions, Drahga will reveal a portent of doom for Azeroth's defenders.;0.6891099810600281,0.1645839959383011;71;1048;3;30295;293;0;0;-1
2619;Erudax, the Duke of Below;Deathwing has dispatched one of his greatest lieutenants to discover the secret that several mighty red dragons have died to protect. From the cavernous realm of Deepholm, this faceless general will bring to bear the next generation of draconic power to obliterate those foolish enough to challenge him.;0.8562617897987366,0.7470060586929321;71;1049;4;30294;293;0;0;-1
2620;"""Captain"" Cookie";Cookie proclaimed himself captain of the Defias Brotherhood's juggernaut following its previous commander's death. Although he still performs his official duties as chief cook, anyone who questions the validity of his captain title has been known to come down with a severe case of food poisoning.;0.6047908663749695,0.455089807510376;63;2978;5;29659;292;54460;2;2
2621;Admiral Ripsnarl;When James Harrington became afflicted by the worgen curse, he destroyed his loving family and maritime career in one chilling night of bloodlust. Taking on the name Ripsnarl, he fled into Westfall and later agreed to command the Defias Brotherhood's fearsome juggernaut.;0.6047908663749695,0.38772451877593994;63;2979;4;29663;292;54460;2;2
2622;Foe Reaper 5000;Defias engineers have spent many long days perfecting a new harvester model based on the Foe Reaper 4000 unit. Once it is completed, the brotherhood believes this mechanized terror will be able to slice through Stormwind's armored soldiers like a scythe through wheat.;0.12475066632032394,0.7589820623397827;63;2980;3;29673;292;54460;2;2
2623;Helix Gearbreaker;Formerly a craftsman in the Bilgewater Cartel, Helix was offered a sum eclipsing anything he would ever make as a nameless Horde engineer to ply his trade for the Defias Brotherhood. He was quick to accept the job and renounce his former loyalties... just as any resourceful goblin would.;0.5019960403442383,0.8682636022567749;63;2982;2;29686;291;54460;2;2
2624;Glubtok;In a fit of rage, Glubtok unleashed his potent magical abilities and reduced his ogre mound to ash. Upon hearing of his destructive talents, the Defias hired the massive ogre mage to supervise their laborers as head foreman of the Deadmines.;0.3652696907520294,0.6122754812240601;63;2981;1;29696;291;54460;2;2
2625;Orta, the Broken Mountain;Long has this deepwalker strode through the chasms and legends of Azj-Kahet. His voice an earthquake, his will diamond, his strength adamant. Yet now he comes before Azj-Kahet, contaminated by the dark pustules of the black blood, in need of a good death. Who will rise to face him?;0.5,0.5;1278;2984;4;29746;0;0;0;-1
2626;Sneed;Sneed was hired as a lumbermaster for his ruthless efficiency. His goal is simple: construct a juggernaut as cheaply as possible. By using the shredder he built himself to lead production, he achieves terrifyingly fast results.;0.5019959807395935,0.8682640194892883;63;2968;1;29778;291;54459;2;0
2627;Forgemaster Throngus;A smith for the Twilight's Hammer cult, this massive ettin is eager to use the weapons and armor he's forged to annihilate intruders.;0.5149999856948853,0.30000001192092896;71;1050;2;30288;293;0;0;-1
2628;Gilnid;Gilnid is a masterful engineer and head smelter of the Defias Brotherhood's operations. He ensures the juggernaut is loaded with sufficient cannons and ammunition and will tolerate no breaks until the work is complete.;0.1247510015964508,0.7589820027351379;63;2969;1;29807;292;54459;2;0
2629;Mr. Smite;As Captain Greenskin's first mate, Smite is tasked with keeping the crew on their toes. Smite is a skilled weaponmaster, trained in all manner of slicing, bashing, and the occasional piercing shot.;0.5517899990081787,0.25361698865890503;63;2970;1;29818;292;54459;2;0
2630;Captain Greenskin;Captain of the juggernaut-in-progress, Greenskin hails from Booty Bay where he formerly led a fleet of pirate vessels.;0.6075839996337891,0.37481001019477844;63;2971;1;29828;292;54459;2;0
2631;Edwin VanCleef;Formerly the leader of the Stonemasons Guild, disputes with the House of Nobles led VanCleef to leave Stormwind City and create the Defias Brotherhood. VanCleef then claimed the Deadmines as a base of operations to construct the juggernaut that would begin his retribution.;0.6075839996337891,0.4489220082759857;63;2972;1;29836;292;54459;2;0
2632;Cookie;No one except Edwin VanCleef knows how or why Cookie was promoted to be the ship's cook. For pirates, though, a meal is a meal.;0.6762539744377136,0.40168601274490356;63;2986;1;29837;292;54459;2;0
2633;Postmaster Malown;Malown didn't become the Postmaster by not caring about the mail. Even in his current state he is dedicated to maintaining the stability of the postal system. Should that system be disrupted to the point of threatening instability, Malown might just have to take matters into his own hands.;0.558102011680603,0.684050977230072;236;1885;2;29847;317;0;0;-1
2635;Aggregation of Horrors;An abomination birthed from void-tainted remnants of Skardyn, the Aggregation of Horrors stands as a unified monstrosity. This dread entity is poised to unleash its terrifying plague upon The Ringing Deeps.;0.5,0.5;1278;2988;2;29927;0;0;0;-1
2636;Shurrai, Atrocity of the Undersea;The sea floor hides horrors beyond our imagining. Hallowfall's proximity to the Undersea brings it near the reach of creatures of the deep, and the kobyss are only eager to take advantage. Their summons raise Shurrai, Atrocity of the Undersea, to wreak havoc on their hunting grounds. Shurrai is an amalgamation of the worst terrors and putrefying flesh of the abyssal depths, and the Arathi will need all the help they can get to stop it.;0.5,0.5;1278;2994;3;29964;0;0;0;-1
2637;Kordac, the Dormant Protector;Barely functional or even remembered, Kordac's disrepair forces him to remain a dormant observer. Even upon detecting the void somewhere below, he was forced into inaction. But that's changed. The unidentifiable lifeforms who have arrived to the Isle of Dorn are powerful enough to potentially pose a threat to Azeroth. And so he stands against us. And so we stand against him.;0.5,0.5;1278;2997;1;30005;0;0;0;-1
2639;Vexie and the Geargrinders;Vexie Fullthrottle has been paving a path of terror through the hearts of anyone her gang encounters. Answering Gallywix's call for aid, she and her crew are here to repay an old favor, and add a few new grease stains to Undermine's streets.;0.4728910028934479,0.4593369960784912;1296;3009;1;30089;2406;0;0;-1
2640;Cauldron of Carnage;Throughout history there have been many epic wars, but none more explosive than the rivalry between the galvanic gorilla Torq the Tempest, and the molten mechasaur Flarendo the Furious. Tonight, all bets are off when these two champions clash in the cauldron for a showdown that threatens to tear Undermine in two! Witness the carnage or be the shame of goblin kind.;0.5060240030288696,0.1882530003786087;1296;3010;2;30331;2406;0;0;-1
2641;Rik Reverb;Rik Reverb loves the boom of an explosion, the crackle of a firework and most importantly, the sound of his own voice. From his flying sonic resonator, Rik serves as Gallywix's partying promoter by enthralling the citizens of Undermine with addictive and deadly goblin beats.;0.36445701122283936,0.18980400264263153;1296;3011;3;31101;2406;0;0;-1
2642;Stix Bunkjunker;It could be said that no city service is more essential than garbage collection... or at least that's what Stix Bunkjunker would like you to believe. Stix and his cleanup crew have been finding inventive ways to dispose of the city's unwanteds and unmentionables for as long as anyone can remember.;0.5662649869918823,0.7936750054359436;1296;3012;4;30370;2406;0;0;-1
2644;The One-Armed Bandit;The One-Armed Bandit is the premiere slot machine in Gallywix's casino. All the delightful device asks is that you play fairly and don't cheat. The rules by which it determines this are an enigmatic mystery, although the one-armed punishment it dispenses cannot be missed.;0.5,0.49096399545669556;1296;3014;6;30079;2408;0;0;-1
2645;Mug'Zee, Heads of Security;Buddies from the day they were born, Mug'Zee's two heads are the topper of a giant hulk of an ogre enforcer, specifically hired by Gallywix to oversee his casino's day-to-day activities. In recent weeks, Mug'Zee's been reassigned to keep anyone and everyone out of the Gallagio's innermost chambers.;0.5120480060577393,0.7620480060577393;1296;3015;7;30505;2411;0;0;-1
2646;Chrome King Gallywix;Having taken a 'strategic retreat,' Jastor Gallywix holed up in the halls of the Gallagio. Whatever Gallywix has been working on, it's guaranteed to be powerful, deadly, and capable of crushing any who oppose him.;0.5271090269088745,0.7801210284233093;1296;3016;8;30486;2409;0;0;-1
2648;Big M.O.M.M.A.;A prototype mech code-named Big M.O.M.M.A., piloted by Silva Stratospark, has been deployed to the Waterworks as operational security in service of Gallywix's schemes. The mech boasts a dizzying array of communications equipment, bolstered by the Darkfuse's Black Blood experiments.;0.3050000071525574,0.5950000286102295;1298;3020;1;30319;2387;0;0;-1
2649;Demolition Duo;"Keeza Quickfuse and Bront are the Venture Co. brains and brawn duo contracted by Gallywix to implement the ""explosive restructuring"" of the Waterworks dam. Keeza thrives off of wanton destruction, while Bront ""thrives"" off cleaning up the remnants left in her wake.";0.6499999761581421,0.6700000166893005;1298;3019;2;30320;2387;0;0;-1
2650;Swampface;Buried beneath the riverbed at the Waterworks lies a hibernating beast. Amidst the commotion around the dam, Swampface awakens and emerges from the mud in a groggy rage to squash the first thing that moves.;0.512499988079071,0.7300000190734863;1298;3053;3;31366;2387;0;0;-1
2651;Geezle Gigazap;"At the heart of the Waterworks dam, the electric mastermind Geezle Gigazap siphons power for ""THE PROJECT"". When he is cornered and Gallywix's secret plans have nearly come to a halt, Geezle reroutes the power headed to the Undermine... to himself!";0.6520000100135803,0.8100000023841858;1298;3054;4;30480;2388;0;0;-1
2653;Sprocketmonger Lockenstock;As one of Gallywix's top minds, Sprocketmonger Lockenstock cannot say no to innovation, meaning that his list of inventions stretches far longer than the conveyor belts in his refinery. Constantly looking to simultaneously cut both corners and costs, Lockenstock's always searching for new markets to test out his gadgets.;0.2891559898853302,0.7891579866409302;1296;3013;5;30421;2406;0;0;-1
2654;Chopper Redhook;Chopper Redhook's brutality is feared throughout Kul Tiras. Supported by Irontide forces, Chopper is free to rampage through Boralus, relishing the chaos rampant in the streets.;0.5776680111885071,0.2888199985027313;1023;2098;1;30428;1162;924;2;2
2655;Emberdawn;Emberdawn settled in the gardens of Windrunner Spire after seeking a place to raise her young. Highly territorial, she guards her nest with a searing ferocity.;0.8316220045089722,0.5075280070304871;1299;3056;0;30454;2494;0;0;-1
2656;Derelict Duo;The banshee Kalis and her loyal abomination Latch lead a group of fanatical followers of Sylvanas Windrunner. They've come to the Spire in search of relics with any resonant essence of the Dark Lady, willing to do anything to obtain them.;0.5246260166168213,0.8856499791145325;1299;3057;1;30459;2497;0;0;-1
2657;Commander Kroluk;Commander Kroluk once fought in the Second War, a conflict that ended the life of Alleria Windrunner's brother, Lirath. In her grief, Alleria slaughtered any Old Horde she could find. The vengeful spirits of those she defeated now haunt the Spire.;0.7049890160560608,0.5149649977684021;1299;3058;2;30464;2498;0;0;-1
2658;The Restless Heart;Born from the grief and wrath of the Windrunner family, the vengeful spirit of a once-proud Ranger-General haunts the halls of its abandoned ancestral home. Only by facing a worthy foe can it be laid to rest and finally know peace.;0.6747170090675354,0.5355730056762695;1299;3059;3;30469;2499;0;0;-1
2659;Arcanotron Custos;This highly advanced arcane construct has been charged with keeping the peace and ensuring that all Magisters adhere to rules and restrictions. Veering from said rules will not be tolerated.;0.5294979810714722,0.4840709865093231;1300;3071;1;30536;2511;0;0;-1
2660;Gemellus;An otherworldly spawn of Void origins, Gemellus seems to utilize the Void not only for its own protection, but to propigate and foster the development of its species as well.;0.459881991147995,0.6575220227241516;1300;3073;3;30540;2511;0;0;-1
2661;Seranel Sunlash;An accomplished Spellbreaker, Serenel Sunlash has earned the full trust of the Magisters. Charged with the protection of the Cynosure of Twilight, Seranel will fulfill those duties with his very life if necessary.;0.5589969754219055,0.3336290121078491;1300;3072;2;30544;2516;0;0;-1
2662;Degentrius;A powerful creature of the Void, Degentrius has taken advantage of the opportunity inadvertently provided by Magister Umbric and launched an assault on the Terrace.;0.5023599863052368,0.5049039721488953;1300;3074;4;30548;2520;0;0;-1
2663;Lord Roccor;Lord Roccor loathes the scheming and backstabbing of his fellow fire elementals. To avoid serving alongside his kind in the Molten Core, the mighty being purposefully angered the Firelord. Roccor's risky gambit paid off: he was expelled from the core and forced to guard Blackrock Depths in isolation.;0.4449000060558319,0.7335749864578247;1301;3042;1;30722;2363;0;0;-1
2664;Bael'Gar;The monstrous molten giant Bael'Gar lumbers across the Dark Iron Highway, a stunning feat of dwarven engineering carved into Blackrock Depths. Ragnaros pulled the giant from the heart of the Firelands to guard a massive sealed door at one end of the highway. According to legend, only the Firelord and the Dark Iron clan's highest-ranking members know what lies beyond the mysterious gate.;0.25136598944664,0.5348359942436218;1301;3044;2;30732;2363;0;0;-1
2665;Lord Incendius;Baron Geddon taught Incendius to harness his destructive powers, but the baron never expected his protege to grow so lethally efficient. Increasingly wary that Incendius might usurp him, Geddon sent the blazing elemental out of the Molten Core to guard the Dark Iron dwarves' fabled Black Anvil.;0.46261999011039734,0.4638560116291046;1301;3043;3;30741;2363;0;0;-1
2666;Golem Lord Argelmach;Argelmach's lifelong obsession with immortality drove him to forge enchanted constructs in his own image. Rumor has it that he has also dabbled in some form of black magic that would allow the golem lord's new creations to act as vessels for his spirit should his flesh-and-blood body be destroyed.;0.4864470064640045,0.3500500023365021;1301;3046;4;30751;2362;0;0;-1
2667;The Seven;Centuries ago, sorcerer-thane Thaurissan and seven of his most powerful Dark Iron allies accidentally summoned Ragnaros into Azeroth and damned their entire clan to enslavement. Although the Seven perished during the ritual, their restless spirits still linger in Blackrock Depths, cursed to serve their elemental master and the current Dark Iron ruler.;0.5382509827613831,0.24795100092887878;1301;3048;5;30762;2362;0;0;-1
2668;General Angerforge;Through a lifetime of study, General Angerforge has become an expert on dwarven military history and tactics. He recently incurred Emperor Dagran Thaurissan's fury by writing a scathing treatise on his clan's failures in past conflicts. This political blunder aside, Angerforge is a Dark Iron to his core. He will bleed--and die, if necessary--to protect his people and his emperor.;0.6667919754981995,0.17298899590969086;1301;3045;6;30773;2362;0;0;-1
2669;Ambassador Flamelash;For his unwavering service to Ragnaros, Flamelash ascended to the rank of ambassador to the Dark Iron clan. This depraved being initially despised his dwarven allies, but he has come to respect their penchant for destruction.;0.8123260140419006,0.118988998234272;1301;3047;7;30859;2362;0;0;-1
2670;Emperor Dagran Thaurissan;Emperor Dagran Thaurissan rules alongside Princess Moira of the rival Bronzebeard clan. Debate rages over whether the emperor ensorcelled his bride or she willingly joined him. Whatever the truth, Thaurissan's continued presence bodes ill for the future of his clan. So long as he lives, the Dark Irons will remain pawns of Ragnaros, and a dire threat to kingdoms throughout Azeroth.;0.9098359942436218,0.11885199695825577;1301;3049;8;30900;2362;0;0;-1
2675;Azhiccar;Devourers often travel in the wake of the Great Devourer Worms to reach new realms to feast on. Azhiccar is no exception. It burrows into a new land, seeking to satiate its endless hunger. Sometimes even other devourers fall prey, but the devourers still answer Azhiccar's call--to consume or be consumed in its vortex of endless hunger.;0.6140149831771851,0.842041015625;1303;3107;1;31220;2449;0;0;-1
2676;Taah'bat and A'wazj;As Soul-Scribe's right hand, Taah'bat will stop at nothing to see her will done. The beast master has bound himself to the wild warp-stalker, A'wazj, and mastered its unique talents. Now the pair act as one, slipping in and out of phase to strike any who threaten Soul-Scribe's revenge.;0.5662689805030823,0.4465560019016266;1303;3108;2;31227;2449;0;0;-1
2677;Soul-Scribe;The Soul-Scribe once led the oracles of K'aresh, but the destruction of her world drove them into the wastelands, where they began a crusade of revenge. She has given ancient oaths to destroy the enemies of Salhadaar, and all they have built. With her ancient powers rediscovered, the fate of this dome looks grim.;0.2577190101146698,0.357122004032135;1303;3109;3;31234;2449;0;0;-1
2679;Kystia Manaheart;Although an accomplished Magister, Kystia Manaheart was far too devoted to fel magic to give it up entirely. Little wonder she's become a staunch supporter and ally to underground fel smuggling operations in the Row.;0.454818993806839,0.2921690046787262;1304;3101;0;31279;2433;0;0;-1
2680;Zaen Bladesorrow;Clever, quick-witted and commanding, Zaen Bladesorrow oversees the shipments of illegal fel artifacts. Those under his command follow his orders to the letter... or pay the price.;0.30421701073646545,0.5045179724693298;1304;3102;1;31285;2435;0;0;-1
2681;Xathuux the Annihilator;Xathuux the Annihilator is one of Lithiel Cinderfury's most powerful summons. Although he loathes serving the warlock, he follows her commands for the sheer visceral joy of destruction.;0.5572289824485779,0.8930730223655701;1304;3103;3;31293;2434;0;0;-1
2682;Lithiel Cinderfury;Lithiel Cinderfury sees the Voidstorm above Silvermoon as both threat and opportunity. Her people are afraid, and she has a perfect solution... the power of fel. She claims her smuggling operation protects her people from the dangers above, but the profits she receives are a pleasing bonus.;0.4728910028934479,0.21536199748516083;1304;3105;4;31303;2434;0;0;-1
2683;The Gobfather;Once a source of pride for the Bilgewater Cartel, this mech was a force to be reckoned with in the Demolition Dome. A pinnacle of goblin innovation... until someone forgot to give it an oil change. Now the King of the Demo Dome has gone haywire, running amok and threatening to unleash havoc upon the citizens of Undermine.;0.5,0.5;1278;3128;5;31346;0;0;0;-1
2684;Plexus Sentinel;The Plexus Sentinel patrols the colossal machinery of Manaforge Omega, ensuring that energy from the shattered world of K'aresh is filtered through the structure's conduits. All incoming energy must be sterilized. All pollutants must be purged.;0.7687739729881287,0.2667990028858185;1302;3129;1;31594;2460;0;0;-1
2685;Soulbinder Naazindhri;Within her dark chambers, Soulbinder Naazindhri binds unbound souls of the K'areshi into unwilling servants. Bound in silk wrappings, her victims emerge from their prisons to serve the will of the Shadowguard.;0.5118569731712341,0.7905160188674927;1302;3130;3;32218;2461;0;0;-1
2686;Loom'ithar;Loom'ithar was purposefully bred by the Shadowguard for its unique ability to infuse arcane energy into its prodigious silk weaving. Bound to its fate inside the machinery of the manaforge, Loom'ithar spins endless spools of arcane silk for its masters.;0.6383389830589294,0.648222029209137;1302;3131;2;32283;2462;0;0;-1
2687;Forgeweaver Araz;Forgeweaver Araz controls all operations within Manaforge Omega, ensuring a constant flow of energy into its central chamber. He now stands as the first witness to Dimensius' rebirth, and will strive to see his work through--at all costs.;0.6449260115623474,0.4841899871826172;1302;3132;4;32366;2464;0;0;-1
2688;The Soul Hunters;Adarus Duskblaze is a demon hunter brimming with abyssal power, seeking to devour the void energy surrounding Manaforge Omega. Together he and his deadly allies, Ilyssa Darksorrow and Velaryn Bloodwrath, will destroy all who oppose them.;0.35375499725341797,0.7075120210647583;1302;3122;5;31786;2465;0;0;-1
2690;Nexus-King Salhadaar;The former ruler of K'aresh and sworn enemy of Dimensius, Nexus-King Salhadaar has emerged unbroken from the shattered husk of K'aresh. Atop his Royal Voidwing, Salhadaar now commands the ultimate will of the Shadowguard. Oaths will be fulfilled. All will be made to serve.;0.4986819922924042,0.5573130249977112;1302;3134;7;31569;2466;0;0;-1
2691;Dimensius, the All-Devouring;Deep within Manaforge Omega, Dimensius--the All-Devouring and destroyer of K'aresh--is slowly waking as his devoted ethereal followers use the Dark Heart to give him sustenance. If they succeed, they will unleash a being of unfathomable power that could destroy the very fabric of reality.;0.8478249907493591,0.48616600036621094;1302;3135;8;32287;2467;0;0;-1
2711;Rotmire;The fungarians of Sporefall have nurtured a fungal giant to grow far beyond its natural growth cycle. Rotmire is a beast of brute strength whose spores can catalyze the growth of surrounding fungi, sprouting new dangers for the unwary.;0.7247639894485474,0.7444040179252625;1305;3159;1;31795;2427;0;0;-1
2733;Imperator Averzian;Imperator Averzian wages a relentless campaign, seeking not conquest, but annihilation. His entire will is bent to a singular ambition: to rend the veil between worlds and carve a breach into the Void itself. Through this wound, his infinite host shall pour forth, drowning Azeroth in darkness.;0.39851701259613037,0.6850119829177856;1307;3176;0;32167;2529;0;0;-1
2734;Vorasius;A colossal predator born in the wastes of the Voidstorm, Vorasius grew to an incredible size fueled by an endless hunger. Summoned to the battle raging at the base of the Voidspire by Voidlight Everdawn, this colossal monster now feasts on both sides.;0.4257439970970154,0.35204699635505676;1307;3177;1;32171;2529;0;0;-1
2735;Vaelgor & Ezzorak;Born as clutchmates in the red dragonflight, Vaelgor and Ezzorak were once the guardians of all living things. Now, twisted by the dark will of Xal'atath, all that remains of their former selves is their unyielding bond to one another.;0.5543829798698425,0.4606190025806427;1307;3178;3;32175;2529;0;0;-1
2736;Fallen-King Salhadaar;After turning on Xal'atath, the fallen king Salhadaar has become a captive of the very Shadowguard he once commanded. Tortured, delirious, and infused with the Void, he awaits his death--or a chance to win his people's freedom from Xal'atath's grasp.;0.6565859913825989,0.7644169926643372;1307;3179;2;32179;2529;0;0;-1
2737;Lightblinded Vanguard;Once paragons of the Light, Senn, Bellamy, and Lightblood have surrendered to their own blinding zealotry--their faith perverted into a ruthless fanaticism that now compels them to smite all who oppose them.;0.7587890028953552,0.1736990064382553;1307;3180;4;32183;2529;0;0;-1
2738;Crown of the Cosmos;High atop the Voidspire, Xal'atath marshalls her dark army from across the Voidstorm. Aided by Turalyon, Arator, and Alleria, the mortals of Azeroth must confront her before she unleashes the might of the Voidspire against her enemies.;0.4728910028934479,0.5135539770126343;1307;3181;5;32187;2530;0;0;-1
2739;Belo'ren, Child of Al'ar;One of the last clutch of Al'ar, Belo'ren was raised for the purpose of protecting the Isle of Quel'Danas. In the aftermath of the Voidspire, Belo'ren has been irradiated by Void. Confused and freshly hatched, the phoenix is focused on its sole task: Keep any invaders from reaching the Sunwell.;0.5103139877319336,0.30168798565864563;1308;3182;0;32156;2533;0;0;-1
2740;Midnight Falls;Once a creature of Light, L'ura fell to the Void long ago on Argus, her essence siphoned by Alleria Windrunner in the Seat of the Triumvirate. Freed from her bindings, L'ura's dark energies now threaten the very Sunwell itself.;0.5103139877319336,0.44092801213264465;1308;3183;1;32163;2534;0;0;-1
2747;Fractillus;An elemental born of the crags and dunes surrounding the Manaforge, Fractillus guards his domain by harnessing the power of the biting sands and hardened glass of the inhospitable wastes.;0.5342550277709961,0.37944701313972473;1302;3133;6;33678;2465;0;0;-1
2762;Reshanor, The Untethered;The ethereals of K'aresh first witnessed this destructive maw of the void after Dimensius's attack. They believe Reshanor has manifested as their eternal punishment - for it comes back around to keep eating them and their planet as he grows infinitely bigger over the years.;0.5,0.5;1278;3184;0;32198;0;0;0;-1
2769;Lightblossom Trinity;The Lightbloom has suffered a terrible defeat, but like the rutaani it imbues, it changes. These Lightblossomed rutaani fanatically propagate their vicious and invasive garden.;0.5207740068435669,0.2535409927368164;1309;3199;1;32314;2500;0;0;-1
2770;Ikuzz the Light Hunter;Ikuzz is a fearsome carnivore who once stalked prey throughout Harandar. Now the Light Hunter has succumbed to the overwhelming power of the Lightbloom, and his insatiable hunger serves its growth.;0.5283290147781372,0.5736550092697144;1309;3200;2;32315;2500;0;0;-1
2771;Lightwarden Ruia;The once-respected Rootwarden Ruia could not defeat the Lightbloom on his own. His wounded pride led him to drawing power from the Lightbloom and using it to punish all others instead of aiding his allies.;0.8758260011672974,0.4263460040092468;1309;3201;3;32316;2500;0;0;-1
2772;Ziekket;Born from the Lightbloom's epicenter, Ziekket was spawned and incubated by Light-infested rutaani to create an unstoppable engine of the Lightbloom's expansion.;0.42256900668144226,0.5;1309;3202;4;32317;2500;0;0;-1
2773;Zekvir;;0.5,0.5;1310;2987;6;0;2348;0;0;-1
2776;The Hoardmonger;Driven by voracious greed, the gluttonous Hoardmonger fiercely defends the stashes of food and supplies he has stolen from nearby troll tribes. Nalorakk's first trial is to eliminate him before the tribes go hungry.;0.45610401034355164,0.6859300136566162;1311;3207;1;32669;2514;0;0;-1
2777;Sentinel of Winter;The seasons can be kind or cruel. Sentinel of Winter unleashes the harshest of winter storms to test all who face him. To surpass Nalorakk's second trial, endure the biting cold and defeat the embodiment of a winter storm.;0.4286690056324005,0.23662599921226501;1311;3208;2;32690;2514;0;0;-1
2778;Nalorakk;Slumbering in his fitful and battle-filled dream, Nalorakk, the Loa of War, will only test the mettle of the worthy. Survive his trial and receive his blessing or die trying.;0.4738059937953949,0.2106969952583313;1311;3209;3;33165;2513;0;0;-1
2782;Cragpine;Ancient as the cliffs themselves, Cragpine has slumbered for centuries beneath a canopy of towering pines. Now stirred by the careless intrusion of mortals, he rises to defend his glade, bending the forest itself to his will.;0.5,0.5;1312;3436;4;32613;0;0;0;-1
2791;Taz'Rah;The domanaar's prized champion, Taz'Rah, is forced to fight against his will. Taz'Rah demands his own death from every opponent, hoping each battle will finally end his suffering.;0.492000013589859,0.410180002450943;1313;3285;1;32963;2572;0;0;-1
2792;Atroxus;Imprisoned by Charonus, this starving behemoth is hoping for a new victim to sate his appetite. Atroxus's sheer size is almost as dangerous as the poison he spews.;0.48500001430511475,0.8594009876251221;1313;3286;2;32971;2573;0;0;-1
2793;Charonus;The overly confident and ostentatious owner of the Voidscar Arena, Charonus, is impressed by the fighting ability of Azerothians and demands them for his grand collection.;0.4846999943256378,0.3621860146522522;1313;3287;3;32982;2573;0;0;-1
2795;Chimaerus the Undreamt God;When Aln'hara was taken from her Cradle, only pain and madness were left to shape the chaos of the rift. Chimaerus feasted on the void left behind, gorging itself on other nightmarish manifestations. Now it stands as the monster within the rift: a being of agony and rage.;0.5132070183753967,0.5769230127334595;1314;3306;1;32994;2532;0;0;-1
2810;Muro'jin and Nekraxx;Muro'jin is a relentless tracker, charged with capturing victims for the Vilebranch's dark rites. Nekraxx, a reanimated eagle, strikes down any who resist capture by her master. They must not be allowed to supply souls for Vordaza's necrotic magic any longer.;0.5221459865570068,0.6861299872398376;1315;3212;0;33348;2501;0;0;-1
2811;Vordaza;Vordaza, the Vilebranch's master of souls, performs forbidden rites to extract the soul essences of the dead. She distills the suffering of her victims into raw necrotic energy to empower Rak'tul, her monstrous creation. Her vile magic and her monster must be stopped.;0.7773680090904236,0.5907880067825317;1315;3213;1;33360;2501;0;0;-1
2812;Rak'tul, Vessel of Souls;An undead thrall bound to Vordaza, Rak'tul is grotesquely bloated with the essences of tormented souls and necrotic power. Drunk on his newfound power and driven mad by the souls' endless suffering, Rak'tul stands ready to break Zul'Aman beneath the crushing weight of his fists.;0.7773680090904236,0.10076399892568588;1315;3214;2;33372;2501;0;0;-1
2813;Chief Corewright Kasreth;Chief Corewright Kasreth and the Shadowguard Ethereals once upheld flawless energy flow within the Nexus-Point's Corespark Engine. But Lothraxion's radiant disruption shattered their balance. Now, cloaked in mistrust and weary of outsiders, they labor to restore the arcane harmony that once sustained the Nexus-Point.;0.22250300645828247,0.3705579936504364;1316;3328;0;33395;2556;0;0;-1
2814;Corewarden Nysarra;Corewarden Nysarra guards Nexus-Point Xenas with waning strength. Lightscarred by Lothraxion's assault, she broods in her wing, wounded and waiting. The Nullward stirs with battle, and her wrath sharpens for any who dare approach.;0.8181059956550598,0.34771499037742615;1316;3332;0;33399;2556;0;0;-1
2815;Lothraxion;Blinded by betrayal, Lothraxion storms the Nexus-Point alone. With its defenses shattered, he prepares to breach the Nexus Core, risking a chain eruption that could annihilate Silvermoon and ripple across Azeroth itself.;0.5135359764099121,0.27918699383735657;1316;3333;0;33403;2556;0;0;-1
2827;Lu'ashal;While the Lightbloom in Eversong has devastated much of the native wildlife, a few creatures have instead been strengthened by its power. Lu'ashal has grown to gargantuan size from the surging Holy energy and is now as dangerous as it is beautiful.;0.5,0.5;1312;3454;1;34883;0;0;0;-1
2828;Predaxas;Glutted on the writhing Voidstorm's spawn, Predaxas stalks the wilds hunting for prey. It does not rest, it does not reason, it devours with a hunger as insatiable as the dark.;0.5,0.5;1312;3431;3;34925;0;0;0;-1
2829;Thorm'belan;Once a docile creature known to roam Harandar's southern wilds, Thorm'belan was forever changed when it became afflicted by The Lightbloom. The enraged beast must now be killed before it runs rampant across the surrounding wetlands.;0.5,0.5;1312;3459;2;34055;0;0;0;-1
2869;Mythic Keystones;In Mythic Keystone dungeons, players battle empowered enemies and attempt to finish the dungeon within a time limit.;0.6736329793930054,0.5836009979248047;1319;3425;0;34737;2266;0;0;-1
2870;Affixes;Affixes are modifiers attached to the Keystone that alter gameplay in Mythic Keystone dungeons. They are introduced at Mythic Level 2, with adjustments at Mythic Levels 5, 7, 10, and 12.;0.5,0.5;1319;3426;0;34716;0;0;0;-1
